OTU	F001	F009	F012	F015	F016	F023	F025	F028	F029	F033	F037	F040	F041	F042	F043	F044	F046	F047	F048	F052	F053	F060	F062	F067	F069	F075	F076	F078	F080	F084	F085	F087	F095	F096	F097	F099	F101	F102	F103	F104	F107	F108	F109	F127	F134	F143	F145
35ae29839a24da0881a6c3f439e2bd62	0	0	0	0	0	0	0	0	0	0	0	0	0	0	0	0	0	0	0	0	0	0	0	0	0	0	20	0	0	0	0	0	0	0	0	0	0	0	0	0	0	0	0	0	0	0	0
cb32a2338aafd3e79ede425b8fcf2d8e	0	0	0	0	0	0	0	0	0	0	0	0	0	0	0	0	0	0	0	0	0	0	0	0	0	0	0	0	0	0	0	0	0	0	0	0	0	0	0	0	0	0	22	0	0	0	0
b8f7788a96d905c62717277e04d292e0	0	0	0	0	0	0	0	0	0	0	0	0	0	0	0	0	0	0	0	0	0	0	0	0	0	0	0	21	0	0	0	0	0	0	0	0	0	0	0	0	0	0	0	0	0	0	0
07d129c7ce392a17ed081d7403fac219	0	0	0	0	0	4	0	0	0	0	0	0	0	0	0	0	0	0	0	0	0	0	0	0	0	0	0	3	0	0	0	0	0	0	0	0	0	0	0	0	0	0	0	0	0	0	0
67ff7f5ec60ea169ed84bcf04cf50452	0	0	0	0	16	0	0	0	0	10	0	0	13	15	0	15	0	0	0	0	0	0	0	0	0	0	16	8	0	0	0	0	0	0	0	0	13	0	0	6	7	0	0	0	0	0	7
e507f9e808a98a3760c6d881556c2bd0	0	0	0	0	0	0	0	0	0	0	0	0	0	0	0	0	0	0	0	14	0	0	0	0	0	0	0	0	0	0	0	0	0	0	0	0	0	0	0	0	0	0	0	0	0	0	0
95bf85a9b485bf8438cb686b83e81d3d	0	0	0	0	0	0	0	0	0	0	0	0	0	0	0	0	0	0	0	0	0	0	0	21	0	0	0	0	0	0	0	0	0	0	0	0	0	0	0	0	0	0	0	0	0	0	0
6519032e4385681a0e89da60b1aabb00	0	4	0	0	0	0	0	0	0	0	0	0	0	0	0	0	0	0	0	0	0	0	0	0	0	0	0	3	0	0	0	0	0	0	0	0	0	0	0	0	0	0	0	0	0	0	0
3bcf1b678b2cbd492f667076cf9346c1	0	0	0	13	0	0	8	0	0	0	0	0	0	0	0	0	0	0	0	0	0	0	0	0	0	0	0	0	0	0	0	0	0	28	0	0	0	0	0	0	0	0	0	0	0	0	0
3d2831e6dd73fbe6a52c1b6738b156b0	0	0	0	5	0	0	19	0	0	0	0	0	0	0	0	0	0	0	0	0	0	0	0	35	0	0	0	0	0	29	0	0	0	0	0	0	0	0	0	0	0	0	0	0	0	0	0
cc50ac1d88445b9c0dc861fd5dd481ab	0	0	0	0	0	0	0	0	0	0	0	0	0	0	0	0	0	0	0	0	0	0	0	3	0	0	0	0	0	0	0	0	0	0	0	0	0	0	0	0	0	0	0	0	0	0	0
4864a5d7c12b6b395d68a06bc5bd0854	0	0	0	0	0	0	0	0	0	0	0	0	0	0	0	0	0	0	0	0	0	0	0	22	0	0	0	17	0	0	0	0	0	0	0	0	0	0	0	0	17	0	0	0	0	0	0
0339031a728806559b09a335a1fcd510	0	0	0	0	16	0	0	0	0	0	0	0	0	0	0	0	0	0	0	0	0	0	0	0	0	0	0	0	0	0	0	0	0	0	0	0	0	0	0	0	0	0	0	0	0	0	0
3a575ceaed123ea8506f56b3798ccf58	0	0	0	0	0	0	0	0	0	0	0	0	0	0	0	0	0	0	0	0	0	0	0	0	0	0	0	9	0	0	0	0	0	0	0	0	0	0	0	0	0	0	0	0	0	0	0
5078264a93526ca166769efcb52cb2a4	0	0	0	0	0	5	0	0	0	0	0	0	0	0	0	0	0	0	0	0	0	0	0	12	7	12	0	0	0	0	0	0	0	0	0	0	0	0	0	0	12	0	0	0	0	8	0
c9a7556736de7ab208d8b4be2b6d42ae	0	22	0	0	32	15	19	0	0	0	0	0	22	10	0	11	0	9	20	11	33	11	0	12	0	0	26	10	21	7	0	0	0	0	0	0	0	0	0	0	0	0	0	0	0	0	0
1153b685df9ddcd734074019d6be883d	0	0	0	27	4	0	0	0	0	35	0	0	0	0	0	0	0	0	0	0	0	0	0	0	0	0	0	0	0	0	0	0	0	0	0	0	51	0	0	0	0	0	0	0	0	0	0
0a32e1e811999d82b1a431019602e82a	0	0	0	0	0	0	3	0	0	0	0	0	0	0	0	0	0	0	0	0	0	0	0	0	0	0	0	0	0	0	0	0	0	0	0	0	0	0	0	0	0	0	0	0	0	0	0
43f05bc8b47bf6e0e95a6b7888cbe9dd	0	0	0	0	16	0	0	0	0	0	0	0	0	0	0	0	0	0	0	0	0	0	0	0	0	0	0	0	0	0	0	0	0	0	0	0	0	0	0	0	0	0	0	0	0	0	0
cc94b1a24816248265820d862df20a4f	0	0	0	0	0	0	18	0	0	0	0	0	0	0	0	0	0	0	10	0	0	0	0	0	0	0	0	0	0	0	0	0	0	0	0	0	0	0	0	0	0	0	0	0	0	0	5
f853607728c28e8a01bc21e39deb0252	0	0	0	0	0	0	0	0	0	0	0	0	0	0	0	0	0	0	0	0	0	0	0	0	0	0	0	0	0	0	0	0	0	0	0	0	0	0	0	0	0	0	0	0	3	0	0
adc51715ce9f8d4618e5e2ef4a76ed64	0	0	0	0	0	0	0	0	0	4	0	0	0	0	0	0	0	0	0	0	0	0	0	0	0	0	0	0	0	0	0	0	0	0	0	0	0	0	0	0	0	0	0	0	0	0	0
a348709984885976a91d437463db599d	7	0	0	37	53	30	0	0	0	42	0	0	27	39	0	0	0	31	0	0	77	72	0	145	69	83	134	159	36	44	0	62	0	36	0	0	0	0	0	100	108	0	70	0	0	54	0
9d25efa28ba229daf4ca723282896fd9	0	0	0	0	0	0	0	0	0	0	0	0	0	0	0	0	0	0	0	0	0	0	0	0	0	0	0	0	0	2	0	0	0	0	0	0	0	0	0	0	0	0	0	0	0	0	0
566ad9a5f42ccbe61e362e958e637910	0	0	0	0	0	0	0	0	0	0	0	0	0	0	0	0	0	0	0	0	0	0	0	0	0	0	1	0	0	0	0	9	0	0	0	0	0	0	0	0	0	0	0	0	0	0	0
a3767528941e11feb5e37e7f942709d6	0	0	0	0	0	0	0	0	0	0	0	0	0	0	0	0	0	0	0	0	0	0	0	0	0	8	12	0	0	0	0	0	0	0	0	0	0	0	0	0	0	0	0	0	0	4	0
d87d626a7cb2f48744f94a641a71b68c	0	0	0	0	0	0	0	0	0	12	0	0	0	8	0	0	0	0	0	18	0	0	0	21	0	0	7	10	0	0	0	14	0	0	0	0	0	0	0	0	21	0	0	0	0	11	0
80718c8c2fd01c9af01cad96a9199032	0	0	0	0	0	0	0	0	0	0	0	0	0	0	0	0	0	7	0	0	0	0	0	0	0	0	0	0	0	0	0	0	0	0	0	0	0	0	0	0	0	0	0	0	0	0	0
ef0c896e79a5a071a74130ea08f9af21	0	14	0	0	0	0	0	0	11	21	0	0	0	0	0	0	0	20	28	0	0	25	0	53	24	32	59	39	0	27	0	0	0	0	0	0	0	0	0	0	49	0	28	0	0	16	0
757b90a42eeacdfc94d0ed6d627de5fe	0	0	0	0	0	0	0	0	0	3	0	0	0	0	0	0	0	0	0	0	0	0	0	0	0	0	0	0	0	0	0	0	0	0	0	0	0	0	0	0	0	0	0	0	0	0	0
9185cc900b20cc8aecf7912337252d36	0	0	0	0	0	0	4	0	0	0	0	0	0	0	0	0	0	0	0	0	0	0	0	0	0	0	0	0	0	0	0	0	0	0	0	0	0	0	0	0	0	0	0	0	0	0	0
8bd5bee1621dc8d26c056dd41c2e27ab	0	6	0	0	2	3	0	0	10	2	0	0	0	16	16	0	0	0	0	0	0	9	0	0	0	2	0	11	0	0	0	0	23	0	0	0	0	0	0	0	0	0	17	0	0	4	0
5e0aef64a44113fbd3e7ca15dcdc00ba	0	0	0	0	0	0	0	0	0	0	0	0	0	0	0	0	0	0	0	0	0	0	0	0	0	5	0	0	7	0	0	0	0	0	0	0	0	0	0	0	0	0	0	0	0	0	0
639c1d13f3eb37449f408a82ae5dece6	0	0	0	0	0	0	0	0	0	0	0	0	10	0	0	0	0	0	0	0	0	0	0	0	0	0	0	0	0	0	0	0	0	0	0	0	0	0	0	0	0	0	0	0	0	0	0
9ef0c6a97d7f944392d4ae92c9780111	0	0	0	0	0	0	0	0	0	0	0	0	0	0	0	0	0	0	0	0	0	0	0	0	0	0	0	6	0	0	0	0	0	0	0	0	0	0	0	0	0	0	0	0	0	0	0
1aa14cb6ec295fe95c1d7f066154acd1	0	0	0	0	0	0	6	0	0	0	0	0	0	0	0	0	0	0	0	0	0	0	0	0	0	0	0	0	0	0	0	0	0	0	0	0	0	0	0	0	0	0	0	0	0	0	0
47f5082b1e249fe8cde10bb3242f6000	0	0	0	0	12	24	0	0	0	0	0	0	0	0	0	0	0	23	0	0	13	0	0	0	38	18	0	0	0	0	0	0	0	0	0	0	4	0	0	0	0	0	0	0	0	0	0
8538970b0deffa7798ea73f15ecaf6ec	0	0	0	0	14	0	0	0	0	19	0	0	0	0	0	0	0	0	0	0	0	0	0	0	0	0	0	15	0	0	0	0	0	0	0	0	0	0	0	0	0	0	0	0	0	0	0
c605467ef5f5ff6d6b1b9c7c3d59f684	0	0	0	0	0	0	0	0	0	0	0	0	0	0	0	0	4	0	0	0	0	0	0	0	0	0	0	0	0	0	0	0	0	0	0	0	0	0	0	0	0	0	0	0	0	0	0
15e9f32497de6ed1d2dedca1244611bf	0	0	0	0	0	0	0	0	0	0	0	0	0	0	0	0	0	0	0	0	0	0	0	0	0	0	4	0	0	0	0	0	0	0	0	0	0	0	0	0	0	0	0	0	0	0	0
d06c4fff8ec595f0e7e73e4b5c7f5eb2	0	0	0	0	0	0	0	0	0	0	0	0	0	0	0	0	0	0	0	2	0	0	0	0	0	0	0	0	0	0	0	0	0	0	0	0	0	0	0	0	0	0	0	0	0	0	0
b237759044d637890791e0321b377c31	0	0	0	0	0	0	0	0	0	0	0	0	0	0	0	0	0	0	0	0	0	0	0	0	0	0	0	0	0	0	0	0	0	0	0	0	0	0	0	0	0	0	2	0	0	0	0
b833fca7600f95d6c75c7a1f0d899128	0	0	0	0	9	0	0	0	0	12	0	0	0	0	0	0	0	0	0	0	0	0	0	18	0	0	0	0	0	15	0	0	0	0	0	0	0	0	0	0	0	0	0	0	0	0	0
524aa45609c169d0c104a13c41c77be3	0	0	0	0	66	44	0	0	0	0	0	0	31	0	0	0	0	51	0	0	64	0	0	0	50	33	0	0	0	0	0	0	0	0	0	0	22	0	0	0	0	0	0	0	0	0	0
30550634543c6ec2fe5f8b39d253e011	0	0	0	0	0	0	0	0	0	16	0	0	0	0	0	0	0	0	0	0	10	0	0	19	0	0	0	0	0	0	0	0	0	0	0	0	0	0	0	0	0	0	0	0	0	0	0
b6dc87e450f71135e903c8fddafeddae	0	4	0	0	0	0	0	0	0	0	0	0	0	0	0	0	0	0	0	0	0	0	0	0	0	0	0	0	0	0	0	0	0	0	0	0	0	0	0	0	0	0	0	0	0	0	0
cb29b2c6eeb767bceeb1882c50748748	0	0	0	0	0	0	6	0	0	5	0	0	0	0	0	0	0	0	0	0	0	0	0	0	0	0	0	0	0	8	0	0	0	0	0	0	0	0	0	6	0	0	25	0	0	0	0
ac580b55b068b172ee94c0b22b1e7ecb	0	0	0	0	0	0	0	0	0	8	0	0	0	0	0	0	0	0	0	0	0	0	0	0	0	0	0	0	0	0	0	0	0	0	0	0	0	0	0	0	0	0	0	0	0	0	0
27fa594472c7a8a0a0652117ac454de9	0	0	0	0	0	0	26	0	0	0	0	0	0	0	0	0	0	0	0	0	0	0	0	20	0	0	0	0	0	35	0	0	0	0	0	0	0	0	0	0	0	0	0	0	0	0	0
a6ae34dd809b5158618eb819fd1a7245	0	16	0	4	0	12	9	0	10	12	0	0	0	0	7	0	0	0	0	7	0	0	0	12	3	0	7	12	0	0	0	0	0	7	0	0	0	0	0	0	0	0	0	0	0	0	4
cf8fbae565e89e02600214e1e706b2a1	0	36	0	31	67	25	39	0	28	19	0	0	0	0	0	0	0	0	26	0	0	0	0	55	20	0	26	60	27	36	0	26	36	30	0	0	25	0	0	0	0	0	0	0	0	0	0
d7cb0b0df0a8f59bcb025e7ff704fb01	0	4	0	0	0	0	0	0	0	0	0	0	0	0	0	0	0	0	0	0	0	6	0	0	0	0	0	0	0	0	0	0	0	0	0	0	0	0	0	0	1	0	0	0	0	0	0
21af357e23202565367695ee0e5e84bc	0	0	0	0	30	0	0	0	0	0	0	0	0	0	0	0	0	0	32	0	0	0	0	0	0	0	0	0	0	0	0	0	0	0	0	0	0	0	0	0	0	0	0	0	0	0	0
248a4c4b0d9b4939f05f7206cd52e9fc	0	0	0	0	0	0	0	0	0	0	0	0	0	0	0	0	0	0	0	0	0	0	0	0	0	0	0	0	0	0	0	0	0	0	0	0	0	0	0	0	0	0	0	3	0	3	0
4c53be6eb89d191a3454e1affed0ca78	0	0	0	0	27	0	0	0	0	0	0	0	0	0	0	0	0	0	0	0	0	0	0	0	0	0	0	0	0	0	0	0	0	0	0	0	0	0	0	0	0	0	0	0	0	0	0
a979b198b604eea327e15ccd946cecbb	0	0	0	0	0	0	0	0	0	0	0	0	0	0	0	0	0	0	0	0	0	0	0	0	0	0	0	0	0	0	0	0	3	0	0	0	0	0	0	0	0	0	0	0	0	0	0
fbb6d409d436dcfcc78eeab9c7a04028	0	0	0	0	0	5	0	0	0	0	0	0	0	0	0	0	0	0	0	0	0	0	0	0	0	0	0	0	0	0	0	0	0	0	0	0	0	0	0	0	0	0	0	0	0	0	0
8c30f098716f18263201b6e72b98f120	0	0	0	0	0	0	0	0	0	0	0	0	0	0	0	0	0	0	0	0	21	0	0	0	17	0	0	0	0	0	0	0	0	0	0	0	0	0	0	0	0	0	0	0	0	0	0
7e1ffc5d00fb633734479aedbe5ecbb6	0	0	0	0	0	0	0	0	0	15	0	0	0	0	0	0	0	0	0	0	0	0	0	0	0	0	0	0	0	0	0	0	0	0	0	0	0	0	0	0	0	0	0	4	0	20	0
357b18829b958cfd3ab749eb8c6e67e3	0	0	0	0	0	0	0	0	0	7	0	0	0	0	0	0	0	0	0	0	0	0	0	0	0	0	0	0	0	0	0	0	0	0	0	0	0	0	0	0	0	0	0	0	0	0	0
bff14112e48daf9d40a960400e2956b2	0	0	0	0	0	0	0	0	0	0	0	0	0	0	0	0	0	0	0	0	0	0	0	0	0	0	0	0	0	0	0	4	0	0	0	0	0	0	0	0	0	0	0	0	0	0	0
2883248ffdf65c5665e7ea6fd26b9a04	0	0	0	0	0	0	0	0	0	0	0	0	0	0	0	0	30	0	0	45	29	26	0	26	0	0	0	58	0	0	0	0	0	0	0	0	0	0	0	0	19	47	26	0	0	0	37
97e14c52a3019aa8d4546346011a8b8e	0	0	0	0	11	0	43	0	0	0	0	0	0	0	14	0	0	0	0	0	0	0	0	43	0	0	0	0	0	0	0	0	0	0	0	0	0	0	0	25	0	0	0	0	0	0	0
073abdd717f115b90d2a773ba9aab49a	0	31	0	52	0	45	42	0	19	68	0	0	21	0	0	0	0	20	27	37	28	37	0	82	126	0	62	50	55	62	0	0	44	41	0	0	0	0	0	52	48	64	0	0	0	0	47
120e25bb12c8728445c712a5830ed38c	0	0	0	0	9	0	0	0	0	0	2	0	0	0	0	0	0	0	0	0	0	0	0	0	0	0	0	0	0	8	0	10	0	6	0	0	0	0	0	0	0	0	0	0	0	0	0
12a0ebde67c054a1c3ca4b328453bd69	0	0	0	0	0	5	0	0	0	0	0	0	11	5	0	8	0	7	12	0	0	4	0	4	15	10	22	0	2	3	0	0	0	0	0	0	0	36	0	5	3	6	0	0	0	4	0
eceebfbb7927151a913bc570296475be	0	0	0	0	0	0	0	0	0	0	0	0	3	0	0	0	0	0	0	0	0	0	0	0	0	0	0	0	0	0	0	0	0	0	0	0	0	0	0	0	0	0	0	0	0	0	0
c566591aca865ad272a3aa0b070004c2	0	0	0	0	0	0	0	0	0	0	0	0	0	0	0	0	0	0	0	0	0	0	0	0	0	0	0	0	0	0	0	0	0	0	0	0	0	0	0	11	0	0	0	0	0	0	0
cfec04df8949358d310e26fcb31aeb5e	0	0	0	0	11	0	0	0	0	0	0	0	0	0	0	0	0	0	0	0	0	0	0	0	0	0	0	0	0	0	0	0	0	0	0	0	0	0	0	0	0	0	0	0	0	0	0
4e32a0c41a102a5ea77baa48a4e2e833	0	0	0	0	0	0	0	0	8	0	0	0	0	10	0	0	0	0	0	0	0	0	0	7	0	0	5	7	0	0	0	0	0	0	0	0	0	0	0	0	8	0	0	0	0	0	0
2c205f02796c34328a331de04000c94d	0	26	0	0	19	0	0	0	0	0	0	0	0	0	0	0	0	0	0	0	0	0	0	42	0	0	0	30	0	23	0	21	0	0	0	0	0	0	0	0	34	0	0	0	0	26	0
89d2a72ec98435e41f174f008f06e486	0	0	0	0	36	0	16	0	0	29	0	0	0	0	0	0	0	0	0	0	0	0	0	31	19	0	32	30	35	0	0	0	0	17	0	0	0	0	0	22	24	0	0	0	0	0	0
c22060612201ebae3067d1c04daedf96	46	59	0	23	52	39	78	0	55	100	41	0	30	65	33	28	36	43	58	54	62	62	13	92	75	98	76	82	34	76	0	44	43	42	36	0	29	0	0	54	67	37	41	26	21	75	35
9c591d9cdf4c5e64a09ecafade409f59	0	0	0	0	0	0	0	0	1	0	0	0	0	0	0	0	0	0	0	0	0	0	0	0	0	0	0	0	10	0	0	0	0	0	0	0	0	0	0	0	0	0	0	0	0	0	0
44c1e97cf7c48ffbdd91deb25187214b	0	0	0	0	0	0	6	0	0	0	0	0	0	0	0	0	0	0	0	0	0	0	0	0	0	0	0	0	0	0	0	0	0	0	0	0	0	0	0	0	0	0	0	0	0	0	0
e18410a66e901df4b7eeeb7ae00ad6f0	0	0	0	0	0	0	0	0	0	0	0	0	0	0	0	0	0	0	0	0	0	0	0	0	0	0	0	0	0	0	0	0	0	0	0	0	0	0	0	0	0	0	10	0	0	0	0
890cca14c4ca8ce51dae1a3ccc83d350	0	0	0	0	0	0	0	0	0	0	0	0	0	0	0	0	0	0	0	0	0	0	0	9	0	0	0	0	0	0	0	0	0	0	0	0	0	0	0	0	0	0	0	0	0	0	0
e07ac8166219bc97418c706ef7a709b3	0	0	0	0	0	0	0	0	0	0	0	0	0	0	0	0	0	0	0	0	5	0	0	0	0	25	0	0	12	11	0	0	0	0	0	0	0	0	0	0	0	0	0	4	0	0	0
fc376042bb9fe91f81fb2c995bbd99de	0	28	0	15	22	29	29	0	18	21	0	0	0	0	0	19	0	20	27	15	51	25	0	89	69	0	25	67	0	12	0	0	32	17	0	0	0	0	0	26	35	0	24	0	29	34	16
2cd4a4e2ccf842d4f45f5ff8aa362da1	0	0	0	0	0	0	0	0	0	0	0	0	0	0	0	0	0	0	0	0	0	0	0	0	0	0	6	0	0	0	0	6	0	0	0	0	0	0	0	0	0	0	0	0	0	0	0
e3aed6f45b4e02ed0375764eaca1d7de	0	0	0	0	0	0	0	0	0	0	0	0	16	0	0	0	0	0	0	0	0	0	0	23	24	0	0	19	0	14	0	0	0	0	0	0	0	0	0	0	0	0	0	0	0	0	0
0949b7b20789bbe8d034d8780cc7da17	0	0	0	0	0	0	0	0	0	35	0	0	0	0	0	0	0	0	0	0	0	0	0	0	0	0	0	0	0	31	0	0	0	0	0	0	0	30	0	0	0	0	0	0	0	0	0
e2153eff85876d62ec31b900698ebda2	0	0	0	0	0	0	0	0	0	0	0	0	0	0	0	0	0	0	0	0	0	0	0	0	0	0	0	0	0	0	0	0	0	0	0	0	0	0	0	6	0	0	0	0	0	0	0
584655152e4b3282c43626cfe9344a01	0	0	0	0	0	7	0	0	0	0	0	0	0	0	0	0	0	0	0	0	0	0	0	0	0	0	0	0	0	0	0	0	0	0	0	0	0	0	0	0	0	0	0	0	0	0	0
93057ec78dd6c1244479732042625975	0	0	0	0	0	0	0	0	0	0	0	0	0	0	0	0	0	0	0	0	0	0	0	0	0	0	0	0	0	0	0	0	0	0	0	62	0	0	0	0	0	0	0	0	0	0	0
ce5ba377cd38b65c835ddc35c0b63462	0	105	0	41	124	34	0	0	27	27	0	0	74	23	0	0	16	12	59	60	103	39	0	106	40	113	108	13	12	20	0	48	0	23	0	0	19	0	0	62	48	0	37	16	0	0	0
ab619ae512940c31b0e1276838ef1141	0	0	0	0	24	0	0	0	0	0	0	0	0	0	0	0	0	0	0	0	0	0	0	0	0	0	0	0	0	0	0	0	0	0	0	0	0	0	0	0	0	0	0	0	0	0	0
17afad767dd3bcec1099b58331bb0fdb	0	0	0	0	45	0	0	0	0	0	0	0	0	0	0	0	0	0	0	6	0	0	0	0	0	0	0	0	0	0	0	0	0	0	0	0	0	0	0	0	0	0	0	0	0	0	0
9a7fd3970d605d567183426884b6d427	0	0	0	3	6	0	0	0	0	0	0	0	0	0	0	0	0	0	0	0	0	0	0	0	0	0	0	0	0	0	0	0	0	0	0	0	0	0	0	0	0	0	0	0	0	0	0
cf8182438c20aec9368a5e53ca145279	0	0	0	0	0	0	0	0	0	0	0	0	0	0	0	0	0	0	0	0	0	0	0	0	0	0	0	0	0	0	0	0	0	7	0	0	0	0	0	0	0	0	0	0	0	0	0
c695f6dee6c31112251af26a24eb08f9	0	0	0	0	1	0	0	0	0	0	0	0	0	0	0	0	0	0	0	0	0	0	0	0	0	0	0	0	0	0	0	0	0	0	0	0	0	0	0	0	0	0	0	0	0	0	0
b7f5d0b09841fdf9566d770724641b54	0	0	0	0	0	0	0	0	0	0	0	0	0	5	4	0	0	0	0	6	0	0	0	0	0	0	0	6	0	0	0	0	0	0	0	0	0	0	0	1	0	0	0	0	0	0	0
b9917c5704b9cb701db6947952d103c7	0	4	0	0	0	0	0	0	0	0	9	0	0	0	0	0	0	0	20	0	52	0	0	0	0	0	0	0	0	0	0	0	0	0	0	0	0	0	0	0	0	12	0	0	0	0	0
c234900d0fd3c1eece3962def071045a	0	0	0	0	0	0	0	0	0	0	0	0	0	0	0	0	0	0	0	0	0	0	0	0	0	0	0	0	0	0	0	0	0	0	0	0	0	0	0	0	0	0	0	0	0	7	0
5ca575b005e36e13bae97d0cb3a5de3c	0	0	0	0	0	0	0	0	0	0	0	0	0	0	0	0	0	0	4	0	0	0	0	0	0	0	0	0	0	0	0	0	0	0	0	0	0	0	0	0	0	0	0	0	0	0	0
912dc81af67c51b4650a749c180fd988	0	0	0	0	0	0	0	0	0	0	0	0	0	0	0	9	0	0	0	0	0	0	0	0	0	0	0	0	0	14	0	0	0	0	0	0	0	0	0	0	0	0	0	0	0	0	0
92b3886b8118c01169949df366847d53	0	0	0	0	0	0	0	0	0	0	0	0	0	0	0	0	0	0	9	0	0	0	0	0	0	0	0	0	0	0	0	0	0	0	0	0	0	0	0	0	0	0	0	0	0	0	0
8f421616aee496a02185fb7d0966a3ee	0	0	0	0	0	0	0	0	0	0	0	0	0	0	0	0	0	0	0	0	0	0	0	0	0	0	0	0	0	0	0	0	0	0	0	0	0	0	0	15	0	0	0	0	0	0	0
7da1fd3d5520ef28c825b8d8ce25f39d	0	0	0	0	0	0	0	0	0	0	0	0	0	0	0	0	0	0	5	0	0	0	0	0	0	0	0	0	0	0	0	0	0	0	0	0	0	0	0	0	0	0	0	0	0	0	0
21b9082e8049a6bb80ba144251639dae	0	12	0	0	11	0	0	0	0	0	0	0	0	0	0	0	0	0	0	0	0	0	0	0	0	0	0	0	0	0	0	0	0	0	0	0	14	0	0	0	0	0	0	0	0	0	0
05e7cfc54b62ed9c0f4f7acfd86b65f3	0	0	0	0	0	0	0	0	0	0	0	0	0	0	0	0	0	0	0	0	0	0	0	0	24	0	0	0	0	0	0	0	0	0	0	0	0	0	0	0	0	0	0	0	0	0	0
c2a3e985462f8177e1475191592531fc	0	0	0	0	0	0	0	0	0	0	0	0	0	0	0	0	0	0	0	0	0	0	0	0	0	13	0	0	0	0	0	0	0	0	0	0	0	0	0	0	0	0	0	0	0	0	0
0087e1231ea7733f8d2c5598e45a879c	0	0	0	0	0	0	0	0	0	0	0	0	0	4	0	0	0	0	0	0	0	0	0	0	0	0	0	0	0	0	0	0	0	0	0	0	0	0	0	0	0	0	0	0	0	0	0
e4171064c1656492c85fc9617629b455	0	0	0	0	0	0	0	0	0	0	0	0	0	0	0	0	0	0	0	0	0	0	0	0	8	0	0	0	0	0	0	0	0	0	0	0	0	0	0	0	0	0	0	0	0	0	0
6f34f86aa005d27e583e8b547e9fce26	0	0	0	0	0	0	0	0	0	0	0	0	0	0	0	0	0	0	0	0	0	0	0	0	0	0	0	0	0	9	0	0	0	0	0	0	0	0	0	0	0	0	0	0	0	0	0
74aa008ca97a78117d0e191f35979995	0	0	0	18	39	21	59	0	0	0	0	0	0	0	0	0	0	0	0	0	0	0	0	0	0	0	0	0	0	0	0	0	0	0	0	0	0	0	0	0	0	0	0	0	0	0	0
1e028b5612675172176444439d6e1ed2	0	0	0	0	0	0	0	0	0	0	0	0	0	0	0	0	0	0	0	0	0	0	0	0	0	0	0	0	3	0	0	0	0	0	0	0	0	0	0	0	0	0	0	0	0	0	0
a140b11c1b910a5685b2ccba36e50bb5	0	0	0	0	0	0	0	0	0	0	0	0	0	0	0	0	0	5	0	0	0	0	0	0	0	0	0	0	0	0	0	0	0	0	0	0	0	0	0	0	0	0	0	0	0	0	0
1fb77cbd5c6a2d9e3910304a1f5742ad	0	0	0	0	0	0	0	0	0	0	0	0	0	0	0	0	0	0	0	0	0	0	0	0	0	0	0	0	0	0	0	0	0	0	0	0	0	0	0	0	0	0	5	0	0	0	0
93ac92a5998785fba664371af20d5674	0	0	0	0	0	0	7	0	0	0	0	0	0	0	0	0	0	0	0	0	0	0	0	0	0	0	0	0	0	0	0	0	0	0	0	0	0	0	0	0	0	0	0	0	0	0	0
93be1f90b432ccd07b72f5a7f0430b88	38	0	0	0	0	0	0	0	0	0	0	0	0	0	0	0	0	0	0	0	0	0	0	0	0	0	0	0	0	0	0	0	0	0	0	0	0	0	0	0	0	0	0	0	0	0	0
3e513915476fcbe3c145e763e0798002	0	0	0	0	0	0	0	0	0	4	0	0	0	0	0	0	0	0	0	0	0	0	0	0	0	0	0	0	0	0	0	0	0	0	0	0	0	0	0	0	0	0	0	0	0	0	0
8b40bdbe137ad77e520931ecabd81f4a	0	13	0	0	38	0	26	0	14	0	0	0	0	0	0	0	0	0	0	18	13	0	0	0	0	12	21	27	0	0	0	31	19	0	9	0	19	0	0	0	10	0	0	0	0	0	0
82482de980334ef12761437eae9555bb	0	0	0	0	0	0	0	0	0	0	0	0	0	0	0	0	0	0	0	0	0	0	0	0	0	0	0	0	0	0	0	0	0	0	0	0	0	0	0	0	0	0	0	0	0	4	0
53b828c821c3181612d5266780515ac6	0	0	0	0	0	0	0	0	0	0	0	0	0	0	0	0	0	0	0	0	0	0	0	0	0	0	0	0	0	0	0	0	0	0	0	0	0	0	0	4	0	0	0	0	0	0	0
8c38e046e5a99f1a9c93cd31f9e7d28f	0	0	0	0	0	0	15	0	0	0	0	0	0	0	0	0	0	0	0	0	0	0	0	12	0	0	0	0	0	0	0	0	0	0	0	0	0	0	0	0	0	0	0	0	0	0	0
1c45192f5f9d211fc406ac3b55332b27	0	0	0	0	0	0	5	0	0	0	0	0	0	0	0	0	0	0	0	0	0	0	0	0	0	0	0	0	0	0	0	0	0	0	0	0	0	0	0	0	0	0	0	0	0	0	0
3b960a52900dca7608e2cf8aa32d9dc9	0	4	0	0	0	0	0	0	0	0	0	0	0	9	0	0	0	4	0	0	0	0	0	0	0	0	0	27	0	0	0	0	0	0	0	0	0	0	0	0	0	0	0	0	2	0	0
63165b073cdbb47f5e0f3e5603f21a81	65	0	0	0	0	0	0	0	0	0	0	0	0	0	0	0	0	0	0	0	0	0	0	0	0	0	0	0	0	0	0	0	0	0	0	0	0	0	0	0	0	0	0	0	0	17	0
11d50f7190ceebfd3dc28f07f39ddaa5	0	0	0	0	0	0	0	0	0	0	0	0	0	0	0	0	0	0	0	0	0	0	0	0	13	0	0	0	0	0	0	0	0	0	0	0	0	0	0	0	0	0	0	0	0	0	0
77324bd8526e8452e85b5bf1cf230481	0	0	0	0	0	0	0	0	0	0	0	0	0	0	0	0	0	0	0	0	0	3	0	6	0	4	0	0	0	0	0	3	0	0	0	0	0	0	0	0	2	0	0	0	0	0	0
8b02bcb9d4fd7772032f87500666433e	0	0	0	0	0	0	0	0	0	0	0	0	0	0	0	0	0	0	11	0	0	0	0	0	0	0	0	0	0	0	0	0	0	0	0	0	0	0	0	0	0	0	0	0	0	0	0
19d5f35ec73158b10aece9e4ccef62eb	0	0	0	0	0	0	0	0	0	0	0	0	0	0	0	0	0	0	0	0	0	0	0	0	0	0	0	0	0	0	0	0	0	0	0	0	0	0	0	4	0	0	0	0	0	0	0
1b75ec547da1e716fdb9fe5c01506d17	7	0	0	2	5	6	0	0	0	0	0	0	0	4	0	2	0	5	0	0	0	0	0	0	0	0	0	0	0	0	0	7	0	0	0	0	0	0	0	0	0	0	0	0	0	0	10
772d40f203b00496cb52b8adc989324b	0	0	0	0	2	0	0	0	0	0	0	0	0	0	0	0	0	0	0	0	0	0	0	0	0	0	0	0	0	0	0	0	0	0	0	0	7	0	0	0	0	0	0	0	0	0	0
21611681d115ddd0e3b7d074d2f12307	0	0	0	0	0	0	0	0	0	0	0	0	0	0	0	0	0	0	0	0	0	0	0	0	0	0	0	0	0	0	0	3	0	0	0	0	0	0	0	0	0	0	0	0	0	0	0
163d5f2161df3314c96e93c5dbb4b613	0	0	0	0	0	0	0	0	2	0	0	0	0	0	0	0	0	0	0	0	0	0	0	0	0	0	0	2	0	0	0	0	0	0	0	0	0	0	0	0	0	0	0	0	0	0	0
09878e3d29399e26823abda998067286	0	0	0	0	0	0	0	0	0	3	0	0	0	0	0	0	0	0	0	0	0	0	0	0	0	0	0	0	0	0	0	0	0	0	0	0	0	0	0	0	0	0	0	0	0	0	0
e3e3f5caf34e91eb161f937b386c1cc9	0	0	0	0	8	0	0	0	0	0	0	0	0	0	0	0	0	0	0	0	0	0	0	0	0	0	0	0	0	0	0	0	0	0	0	0	0	0	0	0	0	0	0	0	0	0	0
d40146600b9f85dee1ba32c388277f00	0	4	0	0	7	0	7	0	0	0	0	0	0	7	0	0	0	0	8	0	7	7	0	30	0	15	15	0	7	0	0	0	0	0	0	0	0	0	0	0	10	7	15	0	0	15	0
e43549162d95b263e00ce52bbf57359e	0	0	0	0	10	0	0	0	0	0	0	0	0	0	0	0	0	0	0	0	0	0	0	0	0	0	0	0	0	0	0	0	0	0	0	0	0	0	0	0	0	0	0	0	0	0	0
f78e14b346a9535c732e55b3579e18c2	0	0	0	0	0	0	0	0	0	0	0	0	0	0	0	0	0	0	0	0	0	0	0	0	0	0	8	0	0	0	0	0	0	0	0	0	0	0	0	0	0	0	0	0	0	0	0
69f200867598d2a84a368ccc2a32c290	0	99	0	45	115	69	120	0	102	135	42	0	76	88	45	54	43	46	98	62	117	72	7	282	112	173	173	308	104	145	0	71	80	68	13	0	27	0	0	65	245	54	147	34	83	215	113
dba498c87c5c704ad19a95e41cbaac18	0	0	0	0	0	0	0	0	0	0	0	0	0	0	0	0	0	0	0	0	0	0	0	0	0	0	0	0	0	0	0	0	0	0	0	0	0	0	0	8	0	0	0	0	0	0	0
cc1295ca13653aeeb052a57eac9f0bf3	0	0	0	0	0	0	0	0	0	0	0	0	0	0	0	0	0	0	0	0	0	0	0	0	0	8	0	8	0	0	0	0	0	0	3	0	0	0	0	0	0	0	0	0	2	0	0
a6a0d6dee3a1d22fc206c016abc970cf	0	0	0	0	0	21	0	0	0	0	0	0	0	0	0	0	0	0	0	0	0	0	0	0	0	0	0	0	0	0	0	0	0	0	0	0	0	0	0	0	0	0	0	0	0	0	0
60616b1de2af596e086eedf2ff1676a3	0	0	0	0	2	0	0	0	0	0	0	0	0	0	0	0	0	0	0	0	0	0	0	0	0	0	0	0	0	0	0	0	0	0	0	0	0	0	0	0	0	0	0	0	0	0	0
e8c8a1127a738711b348db818c721bed	0	0	0	0	0	0	0	0	0	0	0	0	0	0	0	0	0	0	0	0	0	0	0	14	0	0	0	0	0	0	0	0	0	0	0	0	0	0	0	0	0	0	0	0	0	0	0
c4102ac67247e7b06bb5f955a6b6ab48	0	0	0	0	0	0	0	0	0	0	0	0	0	0	0	0	0	0	10	0	0	0	0	0	0	0	0	0	0	0	0	11	0	0	0	0	0	0	0	26	0	0	0	0	0	0	0
f470bbf2f730cfa3403fd4622a994501	0	0	0	0	0	0	0	0	0	0	0	0	0	0	0	0	0	0	0	0	1	0	0	0	0	0	0	0	0	0	0	0	0	0	0	0	0	0	0	0	0	0	0	0	0	0	0
3441b17a0225ade1cf15e7da0f1cdf18	0	0	0	0	0	0	0	0	0	12	0	0	0	0	0	0	0	0	10	0	0	0	0	0	0	0	0	0	0	0	0	0	0	0	0	0	0	0	0	0	0	0	0	0	0	0	0
a61c7b5b3743e14adec680b9fab0c29b	0	0	0	0	0	12	12	0	0	0	13	0	0	33	0	0	0	45	28	0	13	0	0	43	67	40	0	15	0	0	0	0	23	0	0	0	0	0	0	0	23	8	0	0	0	0	29
9322e2a316dc758f6141b297c4f2aab1	0	0	0	0	18	0	17	0	23	11	0	0	0	0	0	0	0	0	10	0	0	0	0	23	22	27	21	18	18	11	0	0	0	16	13	0	19	0	0	46	17	0	0	0	0	0	0
02598367c3084826db395f6a326aa50f	0	11	0	10	3	25	15	0	0	0	0	0	6	10	12	13	28	0	26	18	23	23	0	22	39	16	20	26	7	17	0	17	0	36	33	0	15	0	0	10	35	27	32	0	28	19	15
87e3ca5324599f16bd2bb9a31f524f3b	0	0	0	0	5	0	0	0	0	0	0	0	0	0	0	0	0	0	0	0	0	0	0	0	0	0	0	0	0	0	0	0	0	0	0	0	0	0	0	0	0	0	0	0	0	0	0
c7251059988c77057b502ce0090601a8	0	0	0	0	0	0	0	0	2	0	0	0	0	0	0	0	0	0	0	0	0	0	0	0	0	0	0	0	0	0	0	0	0	0	0	0	0	0	0	0	0	0	0	0	0	0	0
f33f89686b49ea2cba0da457c06f4a36	0	0	0	0	0	0	34	0	0	0	0	0	0	0	0	0	0	0	21	0	0	0	0	0	0	0	0	0	0	0	0	0	0	0	0	0	0	0	0	0	0	0	0	0	0	0	0
ee880c2e0853bb566f848dc25024ea3b	0	0	0	0	0	1	0	0	0	0	0	0	0	0	0	0	0	0	0	0	18	0	0	0	0	0	0	0	0	17	0	0	0	0	0	0	0	0	0	0	11	0	0	0	0	0	0
eb4b0e13ac244921534e60036640e0f7	0	0	0	0	0	0	0	0	0	0	0	0	0	0	0	0	0	0	0	0	0	0	0	0	0	0	0	0	0	0	0	0	0	0	0	0	0	0	0	0	0	0	10	0	0	0	0
804c97f3b7c19fd8f96daeb7abe14ae0	0	0	0	0	0	0	0	0	0	0	0	0	0	0	0	0	0	0	0	0	0	0	0	0	0	0	0	0	0	0	0	0	0	0	0	0	0	0	0	0	0	0	0	0	0	26	0
ffe068172b4cd536dd46ae3514d29599	0	0	0	0	0	0	0	0	0	0	0	0	0	0	0	0	0	0	0	0	0	0	0	0	0	0	0	6	0	0	0	0	0	0	0	0	0	0	0	0	0	0	0	0	0	0	0
4cee53a03555c8bc40a1655f94c616c2	0	0	0	0	0	0	0	0	0	0	0	0	0	0	0	0	0	0	0	0	0	0	0	0	0	0	0	0	0	0	0	0	0	0	0	0	0	0	0	0	29	0	29	0	0	22	0
6506157730ecf4cfd60efa655c8677a4	0	0	0	0	0	0	0	0	0	0	0	0	0	0	0	0	0	0	0	0	0	0	0	0	0	0	0	31	0	0	0	0	0	0	0	0	0	0	0	0	0	0	0	0	0	0	0
867fd69f1359e403cb82b29ce02ec096	0	0	0	0	0	0	0	0	0	0	0	0	0	0	0	0	0	0	0	0	0	0	0	0	0	0	0	0	0	0	0	0	0	3	0	0	0	0	0	0	0	0	0	0	0	0	0
b12190bf7dd947f1260d114110be989e	0	0	0	0	0	0	0	0	0	0	0	0	0	0	0	0	0	0	0	0	0	0	0	0	0	0	0	0	0	0	0	0	0	0	0	0	0	0	0	1	0	0	0	0	0	0	0
7531f251f3cc3c07bede8171dddc5c4b	0	0	0	0	16	0	0	0	0	0	0	0	9	0	0	0	0	0	0	0	0	0	0	0	0	0	0	0	0	0	0	0	0	0	0	0	5	0	0	0	15	0	0	0	0	0	0
77a5af0ad557e65e8f539e629220b7f0	0	0	0	0	0	0	0	0	0	0	0	0	0	0	0	0	0	0	0	0	0	0	0	0	0	0	0	0	0	0	0	0	0	23	0	0	0	0	0	0	0	0	0	0	0	0	0
0a878bd0050198492ee8de37cbeae0ed	0	0	0	0	0	0	0	0	0	0	0	0	0	0	0	0	0	0	0	0	0	0	0	0	0	7	4	0	0	0	0	0	0	0	0	0	0	0	0	0	3	0	0	0	0	0	0
7ab8b3cc86b60bcb735af4a964b7686d	0	0	0	0	0	0	0	0	0	0	0	0	0	0	0	0	0	0	3	0	0	0	0	0	0	0	0	0	0	0	0	0	0	0	0	0	0	0	0	0	0	0	0	0	0	0	4
89d9e55a1669736b51f9a4a881b34329	0	0	0	0	0	3	0	0	0	0	0	0	0	0	0	0	0	0	0	0	0	0	0	0	0	0	0	0	0	0	0	0	0	0	0	0	0	0	0	0	0	0	0	0	0	0	0
c4525795407ae90015173960698f0b25	0	0	0	0	0	0	0	0	0	0	0	0	0	0	0	0	0	0	0	0	0	0	0	0	0	0	0	0	0	0	0	0	0	0	0	0	0	0	0	0	0	0	0	0	0	0	3
d86c5566c40116360f1abd1aaf631828	11	0	0	0	0	0	0	0	0	5	0	0	0	0	0	0	0	0	0	0	0	0	0	0	0	0	0	0	0	0	0	0	0	0	0	0	0	0	0	0	0	0	0	0	0	0	0
20f7de4909ed0c22f933c5e82cf56948	51	0	0	0	0	0	0	0	0	0	0	0	0	0	0	0	0	0	0	0	0	0	0	0	0	0	0	0	0	0	0	0	0	0	0	0	0	0	0	0	0	0	0	0	0	0	0
1daef0db6e35f93605130402191f0804	0	0	0	0	0	0	0	0	0	0	0	0	12	0	0	0	0	6	0	0	0	0	0	0	0	0	0	0	0	11	0	0	0	0	0	0	0	0	0	6	0	0	0	0	0	0	0
31e1fa8130ca196a79270b1abce8b864	0	0	0	0	0	0	0	0	0	0	0	0	0	0	0	0	0	0	0	0	0	0	0	0	0	0	0	0	0	6	0	0	0	0	0	0	0	0	0	0	0	0	0	0	0	0	0
bae0a85cae7f80027a7cf505191a84d0	0	0	0	0	0	0	0	0	0	0	0	0	0	0	0	0	0	0	0	0	0	0	0	0	0	0	0	0	0	0	0	15	0	0	0	0	0	0	0	0	0	0	0	0	0	0	0
43d1fd957d6f9d3d189b720187ac4cb6	0	0	0	0	11	0	0	0	0	0	0	0	0	0	0	0	0	0	0	0	0	0	0	0	26	0	0	0	0	0	0	0	0	0	0	0	0	0	0	0	0	0	0	0	0	0	0
f3172a71dc9386531ad204df9f4520c5	15	0	0	0	24	0	8	0	0	0	0	0	0	0	0	0	0	0	0	0	0	0	0	0	0	0	0	0	0	0	0	0	0	0	0	0	0	0	0	0	0	0	0	0	0	0	0
11b1c181f819d3b8af4a738c484a26ec	0	0	0	0	0	0	10	0	0	0	0	0	0	0	0	0	0	0	0	0	0	0	0	0	0	0	0	6	0	0	0	0	0	0	0	0	0	0	0	0	0	0	4	0	0	0	0
3e406f73f6c0ac0ea3f0300c734d75cc	0	0	0	0	0	0	0	0	0	7	0	0	0	0	0	0	0	0	0	0	0	0	0	0	0	0	0	0	0	0	0	0	0	0	0	0	0	0	0	0	0	0	0	0	0	0	0
4bc6c61811e5c89a1b94dfcbcd5cfbd5	0	0	0	0	0	0	0	0	0	0	0	0	0	0	0	0	0	0	0	0	0	0	0	0	0	0	0	0	0	0	0	4	0	0	0	0	0	0	0	0	0	0	0	0	0	0	0
dc285066381412bc044155eb1347ae0a	10	12	0	17	19	0	23	0	17	26	0	0	0	19	0	12	0	10	17	9	10	18	0	68	35	29	16	64	14	23	0	11	6	11	0	0	0	0	0	12	23	0	13	0	0	15	0
ebcee2b00f4e6a77aed3731382595dcc	0	5	0	0	7	0	0	0	0	7	0	0	17	0	0	4	0	0	11	0	6	0	0	8	0	10	7	0	0	0	0	0	0	6	4	0	17	0	0	0	0	0	0	0	0	6	0
73d99a89c0bc3896900e2e5eebf6a5c6	0	52	0	0	44	36	0	0	0	0	0	0	0	0	0	36	0	0	0	0	0	0	0	30	0	0	11	0	0	0	0	0	0	0	0	0	0	0	0	0	0	0	0	0	0	0	0
f8fa80522293bc13456ac758267c7e3b	0	0	0	0	0	0	0	0	0	0	0	0	0	0	0	0	0	0	0	0	0	0	0	0	0	0	0	0	0	0	0	0	0	12	0	0	0	0	0	0	0	0	0	0	0	0	0
a7699e0d972f98c9108cc737412d0189	0	22	0	0	0	0	0	0	18	1	0	0	0	0	0	0	0	0	0	0	0	0	0	16	0	0	32	3	26	41	0	0	0	21	0	0	0	0	0	0	0	0	0	0	0	0	0
251af966b130d026f11e166d448dc9b8	0	0	0	0	0	0	0	0	0	14	0	0	0	0	0	0	0	0	0	0	0	0	0	0	18	0	0	0	0	0	0	0	0	0	0	0	0	0	0	0	0	0	0	0	0	0	0
0583dc84616f1c3d411701e68dba9a4a	0	0	0	0	0	0	15	0	0	0	0	0	0	0	0	0	0	0	0	0	0	0	0	0	0	0	0	0	16	0	0	0	0	0	0	0	0	0	0	0	0	0	0	0	0	0	0
acd538cb1339dff48aa4655ee5193db9	0	0	0	0	0	0	0	0	0	0	0	0	14	0	0	0	0	0	0	0	0	0	0	0	0	0	0	0	0	0	0	0	0	0	0	0	0	0	0	0	0	0	0	0	0	0	0
1028cf35563851eab62fac5b2b741f9c	0	0	0	0	38	0	46	0	0	0	19	0	0	0	0	0	0	32	0	0	0	0	0	0	50	46	0	76	0	0	0	0	0	0	0	0	0	0	0	0	0	0	0	0	0	0	0
f30b4e209583e6436398e50b53cda1b3	0	0	0	0	0	0	0	0	0	0	0	0	0	0	0	0	0	0	0	0	0	0	0	0	0	0	0	40	0	57	0	5	0	0	0	0	0	0	0	0	0	0	0	0	0	0	0
895894bc05912da190f2f7571314d2fc	0	28	0	5	5	41	0	0	0	9	5	0	21	21	6	0	5	4	10	3	60	7	0	6	0	0	7	0	16	19	0	15	10	7	2	9	8	0	0	0	2	7	0	0	8	0	0
4d5f8ad19dd9a7dc82b010e03397bbdf	0	7	0	0	0	0	0	0	0	0	0	0	0	0	0	0	0	0	0	0	0	0	0	0	0	0	0	0	0	0	0	0	0	0	0	0	0	0	0	0	0	0	0	0	0	0	0
826ce3fcc0aecc84c1e5208e161b933c	0	0	0	0	0	6	0	0	0	0	0	0	0	0	0	0	0	0	0	0	0	0	0	0	0	0	0	0	0	0	0	0	0	0	0	0	0	0	0	0	0	0	0	0	0	0	0
9e7fe26c347c754dfb80f8db8ed8417e	0	7	0	0	0	0	0	0	0	0	0	0	0	0	0	0	0	0	0	0	0	0	0	0	0	0	0	0	0	0	0	0	0	0	0	0	0	0	0	0	0	0	0	0	0	0	0
975c31a6ed8cb8d3e5ecb74b37c77d55	0	0	0	0	0	0	0	0	0	0	0	0	0	0	0	0	0	0	0	0	0	7	0	0	0	0	0	0	0	0	0	0	0	0	0	0	0	0	0	0	0	0	0	0	0	0	0
45d2ab401c77322456fc8a6d908812b0	0	0	0	0	0	0	0	0	0	0	0	0	0	0	0	0	0	0	0	0	0	0	0	0	0	0	0	5	0	0	0	0	0	0	0	0	0	0	0	0	0	0	0	0	0	0	0
008117e2f706ed6b11982bf3b49016b3	0	0	0	0	0	0	0	0	0	0	0	0	0	0	0	0	0	0	0	0	0	0	0	0	0	0	9	0	0	0	0	0	0	0	0	0	0	0	0	0	0	0	0	0	0	0	0
fdbdf1491826f0498920bb6b090e5b37	10	37	0	4	30	30	22	0	9	0	0	0	77	12	6	11	0	18	17	0	12	14	0	10	0	19	14	6	16	12	0	0	12	9	0	0	23	0	0	7	5	0	0	0	6	6	0
d88833d3b47a45113c211720c48f397a	0	0	0	0	0	0	0	0	0	0	0	0	0	0	0	0	0	0	0	0	0	0	0	0	0	0	0	0	0	0	0	0	0	0	0	0	6	0	0	0	0	0	0	0	0	0	0
1a530ebac6f1c2bab71669f4a9de2297	0	0	0	0	0	0	0	0	0	0	0	0	0	0	0	0	0	0	0	0	10	0	0	0	0	0	0	0	0	0	0	0	0	0	0	0	0	0	0	0	0	0	0	0	0	0	0
25f20ea8501caab4b784dddd78ca7451	0	0	0	0	0	0	0	0	0	0	0	0	0	0	0	0	0	0	0	0	0	0	0	0	0	0	0	0	0	0	0	0	0	0	0	0	0	0	0	3	0	0	0	0	0	0	0
8dd3f3dfd6f6399e761e084af845ef0f	0	0	0	0	0	0	0	0	0	0	0	0	0	0	0	0	0	0	0	0	0	0	0	0	0	0	0	22	0	0	0	0	0	0	0	0	0	0	0	0	0	0	0	0	0	0	0
7b7ac97e79163d1b8fa5aef80f099bc8	0	0	0	0	0	0	0	0	0	0	0	0	0	0	0	0	0	0	0	0	0	0	0	0	0	0	0	0	0	0	0	0	0	0	0	0	0	0	0	0	0	0	0	0	0	2	0
b57a9a62c5f105d3d86f12acf6b11943	0	0	0	0	0	0	0	0	0	0	0	0	0	0	0	3	0	0	0	0	0	0	0	0	0	0	0	0	0	0	0	0	0	0	0	0	0	0	0	0	0	0	0	0	0	0	0
6b2b53fa66998d357ed9052d33f212d4	0	0	0	0	0	0	0	0	0	0	0	0	0	0	0	0	0	0	0	0	19	7	0	0	0	0	0	0	0	0	0	0	0	0	0	0	0	0	0	0	8	0	0	0	0	0	0
12470788bf1ada9fcf5ed7dd6f0b6b84	0	0	0	0	0	0	0	0	0	0	0	0	0	0	0	0	0	0	0	0	0	0	0	0	0	0	0	0	0	0	0	0	0	0	0	0	0	0	0	0	5	0	0	0	0	0	0
be8d4823e69880b075b703f382bfde8d	0	35	0	0	0	0	42	0	0	0	0	0	0	0	0	0	0	0	0	0	0	0	0	0	0	0	0	38	0	0	0	0	0	15	0	0	0	0	0	0	0	0	0	0	0	0	0
a78abf60a6edcc0dd6eb8861c03e20f5	0	33	0	0	79	44	27	0	51	0	0	0	0	0	0	0	16	0	0	0	87	46	0	84	0	0	54	48	0	0	0	0	0	48	16	0	0	0	0	0	0	0	0	0	23	0	0
e06c983aa4e830ea5d4ab1d8d93aa4a4	0	0	0	0	0	0	0	0	0	0	0	0	0	0	0	0	0	0	0	0	0	0	0	0	0	0	0	0	0	0	0	0	17	0	0	0	0	0	0	0	0	0	0	0	0	0	0
a44be68a023cfd5db2f1a1aa5e616c8d	0	0	0	0	26	0	0	0	0	0	0	0	0	0	0	0	0	0	0	0	0	0	0	11	0	0	0	0	0	0	0	0	0	0	0	0	0	0	0	0	0	0	0	0	0	0	0
17e233a591437a8f0a8f3731bf9deade	0	0	0	0	0	0	6	0	0	0	0	0	0	0	0	0	0	0	0	0	0	0	0	0	0	0	0	0	0	0	0	0	0	0	0	0	0	0	0	0	0	0	0	0	0	0	0
2a7fc66495a199799c4d2c08ed747f3c	0	38	0	43	65	33	51	0	22	40	14	0	8	69	12	27	20	30	85	45	54	44	0	140	95	97	124	166	55	176	0	53	37	60	13	0	20	0	0	58	101	19	79	7	11	24	15
3a97c2bac66de49c5643a08c26b17f8c	0	0	0	0	0	0	0	0	0	0	0	0	0	0	0	0	0	0	0	4	0	0	0	0	0	0	0	0	0	0	0	0	0	0	0	0	0	0	0	0	0	0	0	0	0	0	0
b934de0645a0739e567b237205f01f71	0	0	0	0	0	0	0	0	0	0	0	0	0	0	0	0	0	0	0	0	0	0	0	0	0	2	0	0	0	0	0	0	0	0	0	0	0	0	0	0	0	0	0	0	0	0	0
13ef1fbb51f7cffe67024178e5ca3845	0	0	0	0	0	0	0	0	0	0	0	0	0	0	0	0	0	0	0	0	0	0	0	0	0	0	4	0	0	0	0	0	0	0	0	0	0	0	0	0	0	0	0	0	0	0	0
4458ad576354efde35364ac5e3a50605	0	0	0	0	0	0	29	0	0	0	0	0	0	0	2	0	0	0	0	0	0	0	0	31	0	0	0	0	0	0	0	0	0	0	0	0	0	0	0	19	0	0	0	0	0	0	0
14911c835878ec05629ae4e16b57223f	0	0	0	0	50	0	0	0	0	0	0	0	0	0	0	0	0	0	0	0	0	0	0	0	0	0	0	0	0	0	0	0	0	0	0	0	0	0	0	0	0	0	0	0	0	0	0
93b6b43a49e4c1ebc897331dad7e1a15	0	0	0	0	34	0	0	0	0	0	0	0	0	6	0	0	0	0	0	0	0	0	0	27	0	11	14	23	13	0	0	0	0	11	0	0	0	0	0	0	9	0	0	0	0	0	0
40ae2df40538b8b1441f47405682c701	0	0	0	0	0	0	0	0	0	0	0	0	0	0	0	0	0	0	0	0	0	0	0	0	0	0	0	0	4	0	0	0	0	0	0	0	0	0	0	0	0	0	0	0	0	0	0
6688b59b7240891485fbcc6559ec377f	0	0	0	0	0	0	0	0	0	0	0	0	0	0	0	0	0	0	3	0	0	0	0	0	0	0	0	0	0	0	0	0	0	0	0	0	0	0	0	0	0	0	0	0	0	0	0
33f3ef66e098b363a75196415ca00869	0	0	0	0	0	0	0	0	0	0	0	0	0	4	0	0	0	0	0	0	0	0	0	0	0	0	0	0	0	0	0	0	0	0	0	0	0	0	0	0	0	0	0	0	0	0	0
6c076f524a78141235aa4e7bc25fec98	0	2	0	0	0	0	0	0	0	0	0	0	0	0	0	0	0	0	0	0	0	0	0	0	0	0	0	0	0	0	0	0	0	0	0	0	0	0	0	0	0	0	0	0	0	0	0
4ab140d3536daf1139878a8786c938af	0	0	0	0	0	0	0	0	0	0	0	0	0	0	0	0	0	0	0	0	0	0	0	0	0	0	0	32	0	0	0	0	0	0	0	0	0	0	0	0	0	0	0	0	0	0	0
7dbb66df5504b444bda73d47da133b32	0	0	0	0	0	0	0	0	0	0	0	0	7	0	0	0	0	0	0	0	0	0	0	0	0	0	0	0	0	0	0	0	0	0	0	0	0	0	0	0	0	0	0	0	0	0	0
5d0b17a546f2dc0d1b69da10defa2b6e	0	0	0	0	17	0	0	0	0	0	0	0	0	0	0	0	0	0	0	0	0	0	0	27	28	0	0	10	0	0	0	0	0	0	0	0	0	0	0	0	0	0	0	0	0	0	0
49032ff78d963f995e56bac3b2589c3b	0	0	0	0	11	0	0	0	0	0	0	0	0	0	0	0	0	0	0	0	0	0	0	0	0	0	0	0	0	0	0	0	0	0	0	0	0	0	0	0	0	0	0	0	0	0	0
5ec017d20369a603c81e995b284a2f35	0	0	0	0	0	0	0	0	0	0	0	0	0	0	0	0	0	0	25	0	0	0	0	0	0	0	0	0	0	0	0	0	0	0	0	0	0	0	0	0	0	0	0	0	0	0	0
4da5abc7f53487c96b8b2cbd96d415da	0	0	0	0	0	9	0	0	0	0	0	0	0	0	0	0	0	0	0	0	0	0	0	0	0	0	0	0	0	0	0	0	0	0	0	0	0	0	0	0	0	0	0	0	0	0	0
7ce35d9968dfc2cbba74c0537aedb524	0	0	0	0	0	0	0	0	0	0	0	0	0	0	0	0	0	0	0	0	0	0	0	0	0	0	0	3	0	0	0	0	0	0	0	0	0	0	0	0	0	0	0	0	0	0	8
14def41f04d412ca9dcacd18ddde2120	0	0	0	0	0	0	0	0	0	0	0	0	0	0	0	0	0	0	0	3	0	0	0	0	0	0	0	0	0	0	0	0	0	0	0	0	0	0	0	0	0	0	0	0	0	0	0
ab530f8a976613c053548e4b4564f651	0	0	0	0	15	0	0	0	0	0	0	0	0	0	0	0	0	0	0	0	0	0	0	0	0	0	0	0	0	0	0	0	0	0	0	0	0	0	0	0	0	0	0	0	0	0	0
75ec023905c208c0eec749653de3fd50	0	0	0	0	0	0	0	0	4	0	0	0	0	0	0	0	0	0	0	0	0	0	0	0	0	0	0	0	0	0	0	0	0	0	0	0	0	0	0	0	0	0	0	0	0	0	0
c2474a993c57d60f51014e740228d270	0	27	0	10	16	14	20	0	0	0	9	0	27	20	4	20	0	0	12	11	15	15	0	41	7	22	11	38	12	53	0	22	0	26	0	0	8	0	0	5	31	0	5	0	0	15	9
df93efaefbc55d925349b93c788fa93e	0	0	0	0	0	0	0	0	0	0	0	0	0	0	0	0	0	0	0	0	0	0	0	0	0	0	0	3	0	0	0	0	0	0	0	0	0	0	0	0	0	0	0	0	0	0	0
e750b229a7c549d22f1af5da98d97f7f	0	0	0	0	0	17	0	0	0	0	0	0	0	0	0	0	0	0	0	0	0	0	0	0	0	0	0	0	0	0	0	0	0	0	0	0	0	0	0	0	0	0	0	0	0	0	0
89750038b761b206b552566b36d198a0	0	6	0	7	5	0	7	0	0	0	0	0	16	0	10	2	3	11	20	0	20	0	0	0	15	11	0	0	8	0	0	5	6	6	0	0	15	0	0	0	4	0	4	5	0	4	4
eefccefd1023ceb0a7b9d650911ae70f	0	0	0	0	0	0	3	0	0	0	0	0	0	0	0	0	0	0	0	0	0	0	0	0	0	0	0	0	0	0	0	0	0	0	0	0	0	0	0	0	0	0	0	0	0	0	0
a1cced769460bf09c11a9b67554c5d70	0	0	0	0	0	0	0	0	0	0	0	0	0	25	0	0	0	0	0	0	0	0	0	0	0	21	0	0	0	0	0	85	0	0	0	0	0	0	0	0	0	0	26	0	23	58	24
50589e01add70ef201146e11a1ab41a4	0	0	0	0	0	0	0	0	0	0	0	0	0	0	0	0	0	0	0	0	0	0	0	0	0	0	14	0	0	0	0	0	0	0	0	0	0	0	0	0	0	0	0	0	0	5	0
5285c2b4d027cbb73a7efa8ad28b9c0d	0	0	0	0	37	0	0	0	0	0	0	0	0	0	0	0	0	0	0	0	0	0	0	0	0	0	0	0	0	0	0	0	0	0	0	0	0	0	0	0	0	0	0	0	0	0	0
a90268a55b92cdf24a7be460a63b6f60	0	0	0	0	0	0	0	0	0	0	0	0	0	0	0	0	0	0	0	0	0	0	0	0	0	0	0	0	8	0	0	0	0	0	0	0	0	0	0	0	0	0	0	0	0	0	0
7f907d70c0ae2e57bc8b6be709c575c2	0	0	0	0	12	0	0	0	0	0	0	0	0	0	0	0	0	0	0	0	0	0	0	0	0	6	0	0	0	0	0	0	0	0	0	0	0	0	0	0	0	0	0	0	0	8	0
f4de6dcb3792185f216aedb117a7508f	0	0	0	0	15	5	15	0	0	0	0	0	7	0	0	0	0	0	0	0	0	0	0	0	0	0	12	0	0	0	0	0	0	0	0	0	5	0	0	16	0	0	0	0	0	0	0
964ff1c2a63562dafb65818898ae7fca	0	0	0	36	44	0	0	0	0	28	0	0	0	0	0	29	0	0	0	40	0	0	0	0	0	0	0	0	0	0	0	0	0	0	0	0	0	0	0	0	0	0	0	0	0	0	0
312536949958e13c26834038b5e92a2a	0	13	0	27	29	0	0	0	23	1	0	0	18	50	16	0	23	26	29	6	23	25	0	7	14	37	26	38	0	60	0	58	0	0	0	0	44	0	0	19	26	0	28	0	15	27	0
3be38346b3217299c96602c5eeff08ad	0	0	0	0	0	0	0	0	0	0	0	0	0	0	0	0	0	0	0	0	0	0	0	0	0	0	0	0	0	5	0	0	0	0	0	0	0	0	0	0	0	0	0	0	0	0	0
5e851a7f1e53a1a01b59a59d82c324e4	0	0	0	12	0	0	0	0	0	0	0	0	0	0	0	0	0	0	4	0	0	0	0	8	0	0	0	0	12	0	0	0	0	0	0	0	0	0	0	0	0	0	0	0	0	0	0
3087c796c3e54e05b0dcbf1db2303bdd	0	0	0	0	0	0	0	0	0	0	0	0	0	0	0	0	0	0	0	0	0	0	0	0	0	0	0	16	0	0	0	0	0	0	0	0	0	0	0	0	0	0	0	0	0	0	0
9a54a146555f1daa4aa197c22f2a4cdd	0	0	0	0	0	0	0	0	0	0	0	0	0	0	0	0	8	0	0	0	0	0	0	0	0	7	0	0	0	0	0	0	0	0	0	0	0	0	0	0	0	0	0	0	0	0	0
b8a41f8c1a4c3c64627b23cc4283cab3	0	0	0	0	0	0	0	0	0	0	0	0	0	0	0	0	0	0	0	0	0	0	0	0	0	0	0	14	0	0	0	0	0	0	0	0	0	0	0	0	0	0	0	0	0	0	0
687fb71c4977cd355f7ba81ef2e33ad1	0	11	0	0	0	15	0	0	0	0	0	0	6	0	0	0	0	0	0	0	0	0	0	0	0	0	0	0	0	0	0	0	0	0	0	0	0	0	0	0	0	0	0	0	0	0	0
4703f765f0b3a593b297ff41e83b5459	0	31	0	9	0	19	45	0	0	22	25	0	18	0	14	0	0	10	22	0	33	13	0	13	22	14	22	15	0	35	0	0	0	0	0	0	22	0	0	19	35	9	17	14	19	50	20
77c8fa74e5425b53b434901548829b0f	0	0	0	0	0	0	0	0	0	0	0	0	0	0	0	0	0	0	0	0	0	0	0	0	0	0	0	0	0	0	0	0	0	0	0	0	0	0	0	0	0	0	0	0	7	0	0
a6ffc9f0cf360e59bff6523a8e08dc28	0	16	0	0	0	0	0	0	0	0	0	0	0	0	0	0	0	0	0	0	0	0	0	0	0	0	0	0	0	0	0	0	0	0	0	0	0	0	0	0	0	0	0	0	0	0	0
766b4f77fadf667555e0448d80d801f5	0	0	0	0	0	0	0	0	0	0	4	0	6	0	0	0	0	0	5	0	4	0	0	0	7	0	0	0	0	0	0	0	0	0	4	0	12	0	0	0	0	0	0	0	0	0	0
2f665018365a37f3ca55c4dbcdf438d4	0	0	0	0	0	0	0	0	0	0	0	0	0	0	0	0	0	0	0	0	0	0	0	0	0	8	0	0	0	0	0	0	0	0	0	0	7	0	0	0	0	0	0	0	0	0	0
b6c61839797f66ea945fef6a2631ba0d	0	0	0	0	0	0	0	0	0	0	0	0	0	0	0	0	0	0	0	0	0	0	0	0	0	5	0	0	0	0	0	0	0	0	0	0	0	0	0	0	0	0	0	0	0	0	0
4d79279c54dc584c8d0257ebb739fc37	0	0	0	0	0	0	0	0	0	0	0	0	0	0	0	0	0	0	0	0	0	7	0	0	9	0	0	0	0	9	0	0	0	0	0	0	0	0	0	0	0	0	0	0	0	0	0
1738a443fefd056a2064f25f5d0b4b28	19	0	0	0	27	9	0	0	12	0	6	0	0	18	0	0	0	2	0	4	0	0	0	15	0	5	0	0	6	16	0	0	0	0	0	0	0	0	0	0	0	0	0	0	0	0	0
693e3d8369440db612353359a6a840a5	0	0	0	0	0	0	0	0	0	4	4	0	0	0	0	0	0	0	0	0	0	0	0	0	0	0	0	0	0	0	0	0	0	0	0	0	0	0	0	0	0	0	0	0	0	0	0
0386add17ac52cd56da88df802c86d75	0	0	0	0	0	0	0	0	0	0	0	0	0	0	0	0	0	0	0	0	0	0	0	0	0	0	13	0	0	0	0	0	0	0	0	0	0	0	0	0	29	0	0	0	6	9	0
571e435526613bb89b4377e3e9a92b9b	0	0	0	0	0	0	0	0	0	0	0	0	0	0	0	0	0	0	0	0	0	0	0	0	0	0	0	0	0	0	0	0	0	0	0	0	0	0	0	8	0	0	0	0	0	0	0
34765bff257ad8fdd4e7893ba7e5c0b0	0	0	0	15	0	0	0	0	2	0	0	0	10	0	0	0	0	0	5	0	0	2	0	1	0	0	0	0	0	0	0	2	0	0	0	0	0	0	0	16	8	0	0	0	0	0	0
b96d5363834c0c542a8dba592982425c	30	0	0	0	0	0	0	0	0	0	0	0	0	0	0	0	0	0	0	0	0	0	0	0	0	0	0	0	0	0	0	0	0	0	0	0	0	0	0	0	0	0	0	0	0	0	0
d5f55dc1725372f4948ff846826d4e22	0	0	0	0	0	0	0	0	0	0	0	0	0	0	0	0	0	0	0	0	0	0	0	0	0	0	0	1	0	0	0	0	0	0	0	0	0	0	0	0	0	0	0	0	0	0	0
b4a895a833ab619cfdc8d38bd0ac2f33	0	7	0	0	0	0	0	0	0	0	0	0	3	0	0	0	0	0	0	0	0	0	0	0	0	0	0	0	0	0	0	0	3	0	0	0	0	0	0	0	0	0	0	0	0	0	0
5fc5f97810bf612b497125a7274eb9f3	0	0	0	0	0	0	0	0	0	0	0	0	0	0	0	0	0	0	0	0	0	0	0	0	0	0	0	0	0	0	0	0	0	0	0	0	6	0	0	0	0	0	0	0	0	0	0
69fd14af95cafe3648a6da9b08cf792c	0	0	0	0	0	0	0	0	0	0	0	0	0	0	0	0	0	8	0	0	0	0	0	0	0	0	0	0	0	0	0	0	0	0	0	0	0	0	0	0	0	0	0	0	0	0	0
7433ceddd2f16c55de55a409b3026f10	0	0	0	0	24	0	0	0	0	0	0	0	0	0	0	0	0	0	0	0	0	0	0	0	0	0	0	0	0	0	0	0	0	0	0	0	0	0	0	0	0	0	0	0	0	0	0
1e5a800989f68d49fffc4805ce128ace	0	48	0	57	95	60	76	0	71	42	0	0	0	65	57	0	0	0	0	0	0	30	0	136	43	47	60	88	64	68	0	35	0	0	30	0	0	0	0	0	40	34	0	0	26	0	24
0b59e44e926cc2c38641a3c9eb92b9e8	0	0	0	0	0	0	0	0	0	0	0	0	0	0	0	0	0	0	0	0	0	0	0	0	12	0	0	0	0	0	0	0	0	0	0	0	0	0	0	0	0	0	0	0	0	0	0
5d9c8af2f6a20888621ccca9ee9d21c8	0	68	0	27	72	37	43	0	36	61	17	0	21	48	21	0	19	21	48	21	47	25	0	180	55	28	63	65	17	50	0	22	31	33	0	124	0	0	0	0	42	14	19	0	29	117	53
798b53de4779d7cf1d35a46fe2128be3	0	30	0	0	59	0	42	0	22	0	0	0	0	25	0	0	0	0	16	0	0	0	0	28	0	0	0	0	0	0	0	0	0	0	0	0	0	37	0	0	0	0	0	0	0	0	0
e1fdcf5b9f5e570b8e0815ddad2c3628	0	0	0	0	25	0	0	0	0	0	0	0	0	0	0	0	0	0	0	0	0	0	0	0	0	0	0	0	0	0	0	0	0	0	0	0	0	0	0	0	0	0	0	0	0	0	0
4c04394760c123dfe931ab156252a69d	29	0	0	0	0	0	0	0	0	0	0	0	0	0	0	0	0	0	0	0	0	0	0	0	0	0	0	0	0	0	0	0	0	0	0	0	0	0	0	0	0	0	0	0	0	0	0
d899c2dde2dca9bb37b1a7b93617d38d	0	3	0	0	12	0	0	0	1	7	0	0	0	0	0	0	0	0	0	0	0	0	0	5	0	0	1	5	0	0	0	0	0	0	0	0	0	0	0	5	0	0	0	0	0	0	0
84ee3d5366b0135a28b4b9ee551ae833	0	0	0	0	40	0	0	0	0	0	0	0	0	0	0	0	0	0	0	0	0	0	0	0	0	0	0	0	0	0	0	0	0	0	0	0	0	0	0	0	0	0	0	0	0	0	0
f8d401306c777c013444dca0f62785ba	41	0	0	0	100	0	73	0	0	50	0	0	36	0	0	0	20	26	67	39	0	0	0	87	0	63	66	105	0	75	0	51	0	45	0	0	31	0	0	85	0	0	61	0	0	0	0
de42acffefafacc4039eb8b9f5b7c07d	0	18	0	0	51	27	0	0	26	30	0	0	0	23	15	0	0	0	0	0	0	0	0	46	0	25	0	54	0	0	0	0	18	0	0	0	0	0	0	0	0	0	0	0	0	22	0
4e452ccc7450c35574e14b55f39ce0df	0	0	0	0	0	0	0	0	0	0	0	0	0	0	0	0	0	0	0	0	0	0	0	0	0	0	0	0	0	0	0	0	2	0	0	0	0	0	0	0	0	0	0	0	0	0	0
a8651618911e5bb5d1066e5abca8f322	0	6	0	0	14	5	0	0	0	0	0	0	0	0	0	0	0	0	0	0	0	4	0	10	10	0	0	0	0	0	0	0	0	5	0	0	0	0	0	0	0	0	0	0	0	8	0
5960b7c886da780e7924b2f424a8687b	0	19	0	27	0	67	0	0	38	42	14	0	32	19	0	43	0	43	29	22	18	21	0	39	0	5	52	2	29	21	0	15	39	20	20	0	34	0	0	33	41	27	17	0	19	29	40
7c97d92ae919c0ccff411cb5b5e62121	0	0	0	0	0	0	0	0	0	0	0	0	0	0	0	0	0	0	0	0	0	0	0	0	0	0	0	0	0	0	0	0	0	0	0	0	0	0	0	8	0	0	0	0	0	0	0
d6376be160425bd623e723894b9165de	0	0	0	0	0	0	0	0	0	3	0	0	0	0	0	0	0	0	0	0	0	0	0	1	0	0	0	0	0	0	0	0	0	0	0	0	0	0	0	0	0	0	0	0	0	0	0
ecc6c7c108363e178e7234422d73bca7	0	0	0	0	0	0	0	0	0	0	0	0	0	0	0	0	0	0	0	0	0	0	0	0	0	0	0	0	0	0	0	0	0	0	0	0	0	0	0	12	0	0	0	0	0	0	0
dd4f77cf004b652cd0249d3cca86060c	0	68	0	62	75	0	0	0	64	59	0	0	53	62	32	0	71	66	116	81	138	90	0	104	53	136	122	96	0	87	0	40	56	0	0	0	86	0	13	54	133	0	64	70	57	143	95
dd965902d6e2c874cf6660e660b8d983	0	0	0	0	0	0	0	0	0	0	0	0	0	0	0	0	0	0	0	0	0	0	0	0	0	0	0	0	0	6	0	0	0	0	0	0	0	0	0	0	0	0	0	0	0	0	0
67a33da9ea24e676cddb4d03efe9329f	0	0	0	5	0	0	15	0	0	0	0	0	0	0	0	0	0	0	0	0	24	0	0	0	0	0	0	5	0	0	0	0	0	0	0	0	0	0	0	0	0	0	0	0	0	0	0
e19ec7cce14e1085d797442fbf591e3f	0	0	0	0	0	0	0	0	0	0	0	0	0	0	0	0	0	0	8	0	0	0	0	0	0	0	0	0	0	0	0	0	0	0	0	0	0	0	0	0	0	0	0	0	0	0	0
aac34dad6c328d3eeba91206e9f95c13	0	0	0	0	0	0	0	0	0	0	0	0	0	0	0	0	0	0	0	0	0	0	0	0	0	0	0	0	0	0	0	0	0	0	0	0	0	0	0	0	0	0	5	0	0	0	0
01396fc4ac234449c9210323fa9e1ef9	0	0	0	0	0	0	0	0	0	0	0	0	0	0	0	0	0	0	0	0	0	0	0	0	0	3	0	0	0	8	0	0	0	0	0	0	0	0	0	0	0	0	0	0	0	11	0
ffe7a1c4eea086d95a63280fccda366f	0	0	0	0	0	0	0	0	0	0	0	0	0	0	0	0	0	0	0	0	2	0	0	0	0	0	0	0	0	0	0	0	0	0	0	0	0	0	0	0	0	0	0	0	0	0	0
1ddbbd981ffe9debdc53a83e0fcf0725	0	0	0	18	33	0	0	0	10	0	0	0	0	15	0	0	0	0	15	0	0	0	0	0	0	0	0	3	0	0	0	0	0	0	0	0	0	0	0	0	0	0	0	0	0	0	0
27a55e1aaf0cd2c6fd6d3146253bf314	0	0	0	0	0	0	0	0	0	0	0	0	0	0	0	0	0	0	0	0	0	0	0	0	0	0	0	5	0	0	0	0	0	0	0	0	0	0	0	0	0	0	0	0	0	0	0
9e578cf19459e1c11c08b971b56e4c8c	0	0	0	0	0	0	0	0	0	0	0	0	0	0	0	0	0	0	0	0	0	0	0	19	0	0	0	0	0	0	0	0	0	0	0	0	0	0	0	0	17	0	0	0	0	0	0
5095150d8fea0e4ff7872cc65df911b5	0	0	0	0	0	0	0	0	0	0	0	0	0	0	0	0	0	0	0	0	0	0	0	0	23	0	0	0	0	0	0	0	0	0	0	0	0	0	0	0	0	0	0	0	0	0	0
8ed8b580c64fe120657497a31ffcef33	0	9	0	0	12	0	0	0	0	0	0	0	0	11	0	0	0	0	0	0	0	14	0	12	12	0	36	13	12	23	0	11	0	0	0	0	0	0	0	11	17	0	0	0	0	0	9
d1cf285968ebfa3691b67646049642d6	0	0	0	0	0	0	0	0	0	0	0	0	0	0	0	0	0	0	0	0	0	0	0	0	0	0	0	3	0	0	0	0	0	0	0	0	0	0	0	0	0	0	0	0	0	0	0
7e8619abe704706e677c84d912135c49	0	0	0	0	0	0	0	0	0	0	0	0	0	0	0	0	0	0	0	0	0	0	0	7	3	0	0	0	0	0	0	0	0	0	0	0	0	0	0	0	0	0	0	0	0	0	0
a99f0e714b693f5023da36b10f3a9459	19	0	0	0	0	0	0	0	0	0	0	0	0	13	0	0	0	0	0	0	0	0	0	0	0	0	0	0	0	0	0	0	0	0	0	0	0	0	0	0	0	0	0	0	0	0	0
deed76f2260e77205ef2a89f5642a4c2	0	0	0	0	0	0	0	0	0	0	0	0	0	0	0	0	0	0	0	0	0	0	0	0	0	0	0	0	0	0	0	0	0	0	0	0	10	0	0	0	0	0	0	0	0	0	0
45f2f28d1855838ee9e69f44adf19221	0	25	0	0	10	0	43	0	18	0	0	0	0	0	0	0	0	0	0	16	14	0	0	47	0	15	0	29	0	0	0	8	0	0	0	0	0	0	0	0	23	0	15	0	0	0	0
2ecc7ac00c3fa8d0c0282dcaac794a7f	0	0	0	0	0	0	0	0	0	0	0	0	0	0	0	0	0	0	0	0	0	0	0	0	0	0	0	0	0	0	0	0	0	0	0	0	0	21	0	0	0	0	0	0	0	0	0
6d47f2f574c7013d4bf35c179adfd4d1	0	0	0	0	0	0	0	0	0	0	0	0	6	0	0	0	0	0	0	0	0	0	0	0	0	0	0	0	0	0	0	0	0	0	0	0	0	0	0	0	0	0	0	0	0	0	0
d4280d86374699eae840ae229a021d44	0	0	0	0	0	0	0	0	5	0	0	0	0	0	0	0	0	0	0	0	0	0	0	0	0	0	0	0	0	0	0	0	0	0	0	0	0	0	0	0	0	0	0	0	0	0	0
da0f1bcab63b2f799e7cf8a19b1edbe6	0	0	0	0	0	2	0	0	0	0	0	0	0	0	0	0	0	0	0	0	0	0	0	0	0	0	0	0	0	0	0	0	0	0	0	0	0	0	0	0	0	0	0	0	0	0	0
e9472d24d1b1038f9bdafa571a47782a	31	46	0	0	66	0	72	0	0	74	0	0	53	68	57	0	31	0	63	0	66	50	0	91	0	62	88	107	0	68	0	60	0	62	0	0	0	0	0	67	93	0	51	0	0	0	0
9d6244ebef1a0afa8865aeca92ff0efd	0	0	0	0	11	0	6	0	0	0	0	0	0	0	0	0	0	0	0	0	0	0	0	0	0	0	0	0	0	0	0	0	0	0	0	0	0	0	0	0	0	0	0	0	0	0	0
21d302f9d735a495b0139527a88f5e7f	0	0	0	6	47	0	12	0	0	25	0	0	6	16	12	0	0	13	0	17	0	23	0	33	22	0	25	49	9	0	0	8	4	0	0	0	0	0	0	23	38	0	7	5	2	0	0
fe3f115eb81b6083d12bc51f10185b56	0	0	0	0	0	0	0	0	0	0	0	0	0	0	0	0	0	0	0	0	0	0	0	0	0	0	0	0	0	0	0	0	0	0	0	0	0	0	0	0	0	0	6	0	0	0	0
0f08dcf3a17df38460adc7824fd372e0	0	0	0	0	0	0	0	0	0	0	0	0	0	0	0	0	0	0	0	0	0	0	0	0	0	6	0	0	0	0	0	0	0	0	0	0	0	0	0	0	0	0	0	0	0	0	0
cd988ebf0c204efd11c657215d4679e5	0	0	0	0	0	0	0	0	0	0	0	0	0	0	0	0	0	0	0	0	0	0	0	0	7	0	0	0	0	0	0	0	0	0	0	0	0	0	0	0	0	0	0	0	0	0	0
bd8451e7835f36538a0c1ac6a9099fe7	0	0	0	0	0	0	0	0	0	0	0	0	0	0	0	0	0	0	0	0	0	0	0	0	0	0	0	0	0	0	0	0	0	0	0	0	0	0	0	0	9	0	0	0	0	0	0
5ebd8eddc694ad518fcf15219c5aafce	0	5	0	0	0	0	0	0	0	0	0	0	0	0	0	0	0	0	0	0	0	0	0	0	0	0	0	0	0	0	0	0	0	0	0	0	0	0	0	0	0	0	0	0	0	0	0
6b88e6a430c68564ebb2bedec7ce3b06	0	0	0	0	0	0	0	0	0	0	0	0	0	0	0	0	0	0	0	0	0	0	0	0	0	0	0	0	0	0	0	0	0	0	0	0	0	0	0	18	0	0	0	0	0	0	0
44de1b3f755860ef1cfbda9517ee50c6	0	0	0	0	0	0	0	0	0	0	0	0	0	0	0	0	0	0	0	0	0	0	0	2	0	0	0	0	0	0	0	0	0	0	0	0	0	0	0	0	0	0	0	0	0	0	0
d00d8304723ab76a743618e5b36437a9	0	0	0	0	0	0	0	0	0	0	0	0	11	0	0	0	0	21	0	0	0	0	0	0	0	0	0	0	0	0	0	0	0	0	0	0	0	0	0	0	0	0	0	0	0	0	0
fded98ccfdde40db41798ea04ea405ec	13	71	0	0	117	0	111	0	85	65	51	0	66	0	0	54	0	0	45	61	64	78	0	94	21	76	0	75	0	71	0	27	0	59	0	0	0	0	0	69	76	0	47	0	0	80	61
f7bd4a2d4b50ce028aabd21ac83b4658	0	0	0	0	0	0	0	0	0	0	0	0	0	0	0	0	0	0	0	0	0	0	0	0	0	0	0	0	0	8	0	0	0	0	0	0	0	0	0	0	0	0	0	0	0	0	0
97887e07b16720c0522b817bb8f72bf4	0	0	0	0	0	0	0	0	0	0	0	0	0	7	0	0	0	0	0	0	0	0	0	0	0	0	0	0	0	0	0	0	0	0	0	0	0	0	0	0	0	0	0	0	0	0	0
488dc486ac255b20be656ca9a1300f8d	0	0	0	0	0	0	0	0	0	0	0	0	0	0	0	0	0	0	0	6	0	0	0	0	0	0	0	0	0	0	0	0	0	0	0	0	0	0	0	0	0	0	0	0	0	0	0
18100a59c7c5e99d864f5058168e81ef	54	82	0	53	129	51	77	0	36	98	18	0	56	101	45	48	26	80	75	82	122	113	0	203	151	129	147	103	44	129	0	81	52	74	16	0	47	0	0	83	145	41	91	22	78	208	118
333bc634cedeefd907bebf61d53b3055	0	0	0	0	37	0	0	0	0	0	0	0	0	0	0	0	0	0	0	0	0	0	0	0	0	0	0	0	0	19	0	0	0	0	0	0	5	0	0	0	0	0	0	0	0	0	0
3a53f21c1db9c09adeb5144822f27559	0	15	0	0	0	0	0	0	0	0	0	0	0	0	0	0	0	0	0	0	0	0	0	0	0	0	0	0	0	0	0	0	0	0	0	0	6	0	0	0	0	0	0	0	0	0	0
4472226e365f707e08b0dd0e97192690	0	0	0	0	0	0	0	0	0	0	0	0	0	0	0	0	0	0	0	0	0	0	0	0	0	0	0	0	0	0	0	0	0	0	0	0	0	0	0	0	0	0	0	0	0	15	0
02e7a2969e97edd4b6a768b17de60f79	0	0	0	0	0	0	0	0	0	0	0	0	0	0	0	0	0	0	6	0	0	0	0	0	0	0	0	0	0	0	0	0	0	0	0	0	0	0	0	0	0	0	0	0	0	0	0
9f2d3a801fa113cbdb9132a6de419552	0	0	0	0	0	0	0	0	0	0	0	0	0	0	0	0	0	0	0	0	0	0	0	0	0	0	0	9	0	0	0	0	0	4	0	0	3	0	0	0	4	6	0	0	0	0	0
c11a71aeda23e35e54f96e66a3fd90bd	0	0	0	0	0	0	0	0	0	0	0	0	0	0	0	0	0	0	0	0	0	0	0	0	0	0	8	0	0	0	0	0	0	0	0	0	0	0	0	0	0	0	0	0	0	0	0
fab30f6e532464338a7cd29e58dfb7ed	0	0	0	0	0	0	0	0	0	0	0	0	0	0	0	0	0	0	0	0	0	0	0	0	0	0	6	0	0	0	0	0	0	0	0	0	0	0	0	0	0	0	0	0	0	0	0
a0c31f395a5d28a682f8d5361825dd18	0	0	0	0	0	0	11	0	0	0	0	0	0	0	0	0	0	0	0	0	0	0	0	0	0	0	0	0	0	0	0	0	0	0	0	0	0	0	0	0	10	0	0	0	0	0	0
337b386c38d180c193a3d7fe3d774e35	0	0	0	0	0	0	0	0	0	0	0	0	0	0	0	0	0	0	0	0	0	0	0	0	0	0	0	0	0	0	0	0	0	0	0	0	0	0	0	0	2	0	0	0	0	0	0
572b9ea81af79c8237738797bd9a47fd	0	0	0	0	14	0	0	0	0	0	0	0	0	0	0	0	0	0	0	0	0	0	0	0	0	0	0	15	0	0	0	0	0	0	0	0	0	0	0	0	0	0	0	0	0	0	0
75eb71402a54a947984e23e465714f2d	0	4	0	0	0	0	3	0	8	0	0	0	0	0	0	0	0	0	3	4	8	0	0	5	0	0	0	0	0	0	0	4	5	0	0	0	0	0	0	0	0	0	12	0	0	0	4
fcc8273752120d2dc6503688d9986f2e	0	0	0	0	0	0	0	0	0	0	0	0	0	0	0	0	0	5	3	0	0	0	0	0	0	0	0	0	0	0	0	0	0	0	0	0	0	0	0	0	0	0	0	0	0	0	0
75ffcf917b953b98ebe77ad12331ae4d	0	1	0	40	6	26	2	0	4	0	14	0	0	24	0	0	0	0	0	4	11	21	0	0	0	1	6	0	23	0	0	11	0	25	0	0	8	0	0	21	8	0	0	0	0	0	0
2041da03b2768cb74274a7659327ab5a	0	0	0	0	0	0	0	0	0	0	0	0	0	0	18	0	0	0	0	0	0	0	0	0	0	0	0	0	0	0	0	0	0	0	0	0	0	0	0	0	0	0	0	0	0	0	0
3e8227346e8cbde36f55a9071c0bfc3a	0	0	0	0	0	0	0	0	0	0	0	0	0	0	0	0	0	0	0	0	0	0	0	0	0	0	0	6	0	0	0	0	0	0	0	0	0	0	0	0	0	0	0	0	0	0	0
99f70700f623407c75bfc61881d937ce	0	0	0	0	0	7	0	0	0	0	0	0	0	0	0	0	0	0	0	0	0	0	0	0	0	0	0	0	0	0	0	0	0	0	0	0	0	0	0	0	0	0	0	0	0	0	0
f097ce7edf9cc5fcf9484d900862b113	0	0	0	0	0	0	0	0	0	0	0	0	0	0	0	0	0	0	0	0	0	0	0	0	16	0	0	0	0	0	0	0	0	0	0	0	0	0	0	0	0	0	0	0	0	0	0
f39402d04b833690ad46a73cc956fc62	0	0	0	0	0	0	0	0	0	0	0	0	0	0	0	0	16	0	0	0	0	0	0	0	34	0	0	0	0	0	0	0	0	0	0	0	0	0	0	0	0	0	0	0	0	18	8
4f804fd3e19b802f57131e1666e98fe7	0	0	0	0	0	0	0	0	0	0	0	0	0	0	5	0	0	0	0	0	0	0	0	0	0	0	0	0	0	0	0	0	0	0	0	0	0	0	0	0	0	0	0	0	0	0	0
b131eff62a1e3997c578fc8a385fba40	0	0	0	0	0	0	0	0	0	0	0	0	0	0	0	0	0	0	0	0	0	0	0	0	0	0	0	7	0	0	0	0	0	0	0	0	0	0	0	0	7	0	0	0	0	0	0
732abd8bb19f7adc1f48e7747a7bf67b	0	0	0	0	0	0	0	0	0	0	0	0	0	17	0	0	0	0	0	0	0	0	0	0	0	0	0	0	0	0	0	0	0	0	0	0	0	0	0	0	0	0	0	0	0	0	0
e80e6ff41a7eff98ee48c4daaca85af4	0	3	0	0	0	0	12	0	3	13	0	0	4	0	0	3	0	9	0	8	9	4	0	0	0	0	4	15	3	0	0	11	4	7	0	0	4	0	0	10	8	5	0	0	0	0	0
873d0a87f38701a0d6191c48d4d0db29	0	6	0	0	0	0	0	0	0	0	0	0	0	0	0	0	0	0	0	0	0	0	0	0	0	0	0	0	0	0	0	0	0	0	0	0	0	0	0	0	0	0	0	0	0	0	0
b5c8e460b0e47ab9fda4e332ddeb02cc	0	0	0	0	0	0	0	0	0	0	0	0	0	0	0	0	0	0	17	0	0	0	0	0	0	0	0	0	0	0	0	0	0	0	0	0	0	0	0	0	0	0	0	0	0	0	0
6e02857d7f11d3433dcbd29e2aef2a9c	0	0	0	0	0	0	0	0	0	0	0	0	0	0	0	0	0	0	0	0	0	0	0	0	0	0	0	0	16	0	0	0	0	0	0	0	0	0	0	0	0	0	0	0	0	0	0
96efd012c6794a7a96b7fddd2a6e8042	0	0	0	0	40	0	0	0	0	0	0	0	0	0	0	0	0	0	0	0	0	0	0	0	0	0	0	0	0	0	0	0	0	0	0	0	0	0	0	0	0	0	0	0	0	0	0
4dcd6a775e98005ee916e74f6a013ae8	23	0	0	0	0	0	0	0	0	0	0	0	0	0	0	0	0	0	0	0	0	0	0	0	0	0	0	0	0	0	0	0	0	0	0	0	0	0	0	0	0	0	0	0	0	0	0
9e8d60bdba7a698c4eb165e690267182	0	0	0	0	0	0	0	0	0	0	0	0	0	0	0	0	0	0	0	0	0	0	0	0	0	0	0	0	3	0	0	0	0	0	0	0	0	0	0	0	0	0	0	0	0	0	0
bea2748dd4fe05d5f59b41108edfad5f	0	0	0	0	0	0	0	0	0	0	0	0	0	0	0	0	0	0	0	0	0	0	0	0	0	0	0	0	0	0	0	0	0	0	0	0	0	0	0	0	0	0	0	0	0	0	0
e210175320ab6e6e29812f68aa76a633	0	0	0	0	0	0	0	0	0	0	0	0	0	0	0	0	0	0	0	0	0	0	0	0	0	0	0	0	0	0	0	0	0	0	0	0	0	0	0	0	11	0	0	0	0	0	0
3343044e3b8beb4e8aca27d45a9c89c1	0	0	0	0	10	0	0	0	0	0	0	0	0	0	0	0	0	0	0	0	0	0	0	0	0	0	0	0	0	0	0	0	0	0	0	0	0	0	0	0	0	0	0	0	0	0	0
192db30d381e025b230bac888b37673f	0	0	0	0	0	0	0	0	0	0	0	0	0	0	0	0	0	0	0	0	0	0	0	0	0	0	0	0	0	0	0	0	0	0	0	0	0	0	0	0	0	14	0	0	0	49	0
d4842afc32cfdb11ffdf9f7272528db1	0	0	0	0	0	0	0	0	0	0	0	0	0	0	0	0	0	0	0	0	0	0	0	0	0	0	0	0	0	0	0	0	7	0	0	0	0	0	0	0	0	0	0	0	0	0	0
9fd119c931a981b6991636e32b6763ea	0	0	0	0	0	0	0	0	0	0	0	0	0	0	0	0	0	0	0	0	0	0	0	0	0	0	0	0	3	0	0	3	0	0	0	0	0	0	0	0	0	0	0	0	0	0	0
329b80ec6c9f658c2764c1aabb9885eb	0	0	0	0	38	40	39	0	19	26	0	0	0	21	0	0	0	0	12	12	0	0	0	31	0	17	20	44	0	10	0	0	0	12	0	0	0	0	0	22	18	0	18	0	0	17	7
bd423ea61a33961be758bf5c32070a01	0	0	0	0	0	0	0	0	0	0	0	0	0	0	0	0	0	0	0	0	0	0	0	6	0	0	0	0	0	0	0	0	0	0	0	0	0	0	0	0	0	0	0	0	0	0	0
023ba54986c699eaf9b24b9c58a37a9c	0	0	0	0	0	0	0	0	0	0	0	0	0	0	0	0	0	0	0	0	0	0	0	0	0	0	0	0	0	0	0	0	0	0	0	0	6	0	0	0	0	0	0	0	0	0	0
6749f0f4b12b1195b41f04e081334d26	0	0	0	0	0	0	0	0	0	0	0	0	0	0	0	0	0	0	0	0	0	0	0	0	0	0	0	0	0	3	0	0	0	0	0	0	0	0	0	0	0	0	0	0	0	0	0
5684e709c86f28c2f2aedafb3b3640e8	0	0	0	0	0	0	0	0	0	0	0	0	0	0	0	0	0	0	0	0	0	0	0	0	0	0	0	11	0	0	0	0	0	0	0	0	0	0	0	0	0	0	0	0	0	0	0
6742ffa3c3a2952a686e8053d30620ea	0	0	0	0	0	0	0	0	0	0	0	0	0	0	0	0	0	0	0	0	0	0	0	0	0	0	0	0	0	0	0	0	0	0	0	0	0	0	0	0	0	0	0	0	0	4	0
d2808963716553fe5a9a5eac1c076275	0	15	0	0	0	27	0	0	0	0	0	0	0	0	0	0	0	0	0	0	0	0	0	0	0	0	0	0	0	13	0	0	0	0	0	0	0	0	0	0	0	0	0	0	0	0	0
4659067574680a1588aaaab6927a7bb1	0	0	0	0	0	0	0	0	0	0	0	0	0	0	0	0	0	0	0	0	0	0	0	0	6	0	0	0	0	0	0	0	0	0	0	0	0	0	0	0	0	0	0	0	0	0	0
c46f3113a4f794ec585fbe5714feed14	0	0	0	0	0	0	0	0	0	0	0	0	0	0	0	0	0	0	0	0	0	2	0	0	0	0	0	0	0	0	0	0	0	0	0	0	0	0	0	0	0	0	0	0	0	0	0
0348ba497c90749a552f3f3d18fc7a92	0	0	0	0	0	0	0	0	0	0	0	0	0	0	0	0	0	0	0	0	0	0	0	0	0	0	0	0	0	0	0	0	0	0	0	0	0	0	0	0	0	0	0	0	0	8	0
f75f2f42742aebaa42d9d7a3716cfb06	6	37	0	31	144	41	68	0	33	72	0	0	43	53	33	39	0	52	76	69	60	43	0	80	66	75	72	125	30	41	0	18	0	29	0	0	20	0	0	23	114	22	76	0	0	0	0
2e79841284c2cf764c5cd1711b600ef3	0	0	0	0	0	0	0	0	0	1	0	0	0	0	0	0	0	0	0	0	0	0	0	0	0	0	0	0	0	0	0	0	0	0	0	0	0	0	0	0	0	0	0	0	0	0	0
85e4ff93e5006da03b6cd76e0a7501ad	0	0	0	0	0	0	0	0	0	0	0	0	0	0	0	0	0	0	0	0	0	0	0	0	0	0	0	0	0	0	0	0	4	0	0	0	0	0	0	0	0	0	0	0	0	0	0
65ac69ce8a4728d0ac6b8739a777aaf8	0	0	0	0	0	0	15	0	0	0	0	0	10	0	0	0	0	0	0	0	0	0	0	24	0	24	17	24	0	0	0	0	0	13	0	0	0	0	0	0	17	0	0	0	0	9	8
6814a86be338358ed9471ff93bcd1e15	0	56	0	0	0	0	0	0	4	8	0	0	0	0	0	0	0	0	0	0	0	0	0	7	0	0	8	14	0	0	0	0	8	9	0	0	0	0	0	0	5	0	0	0	0	14	0
bf857c9b3923e6b6b890b396c736f66f	0	0	0	0	0	0	0	0	0	0	0	0	0	0	0	0	0	0	0	0	0	0	0	0	0	0	0	0	0	0	0	0	0	0	0	0	0	0	0	0	12	0	0	0	0	0	0
aae534727c3716a3160ae2d66d4b01d7	15	0	0	13	32	0	16	0	0	0	0	0	0	0	0	0	0	0	0	0	0	0	0	33	0	24	18	0	0	0	0	0	0	0	0	0	0	0	0	0	15	0	0	0	0	26	0
6af50574a719a137f22d491b65d52abd	0	0	0	0	0	0	0	0	0	0	0	0	0	0	0	0	0	0	0	0	0	0	0	26	0	0	0	0	0	0	0	0	0	0	0	0	0	0	0	0	0	0	0	0	0	0	0
12175589e3f00eb43e568d9bb1434667	0	0	0	0	14	0	0	0	0	0	0	0	0	20	0	0	0	0	0	0	0	28	0	33	0	47	0	49	0	0	0	34	0	0	0	0	0	0	0	23	32	0	30	0	0	19	0
a28aa6ce3b4ff8626a2c3d81e0afbcba	0	0	0	0	0	8	0	0	7	0	0	0	0	0	0	0	0	0	0	0	0	0	0	0	0	0	0	0	0	0	0	0	0	0	0	0	0	0	0	0	0	0	0	0	0	0	0
24f278429cb21e43cfa2db342e91603c	0	0	0	0	0	0	0	0	0	0	0	0	0	0	0	0	0	0	0	0	0	0	0	0	0	0	0	0	0	0	0	0	0	0	0	0	0	0	0	0	12	0	0	0	0	0	0
419f5a32bdf91bda19a079a363952a3d	0	0	0	0	0	0	0	0	0	0	0	0	0	0	0	0	0	0	0	0	0	0	0	0	0	4	0	0	0	0	0	0	0	0	0	0	0	0	0	0	0	0	0	0	0	0	0
33710095af4d10c80e36a6e6cb82bae3	75	105	6	27	61	54	45	0	41	90	29	0	15	84	35	43	20	85	69	42	105	92	0	170	179	101	125	101	33	70	0	29	34	83	26	48	47	0	0	59	151	25	58	22	26	118	83
74ebb2cdf091d52a6e98ca4eb909f030	0	0	0	0	0	0	0	0	0	0	0	0	0	0	0	0	0	0	0	0	0	0	0	0	0	0	0	0	0	0	0	0	0	0	0	0	0	0	0	0	0	0	8	0	0	0	0
85fdfd0e161dfecadff78ccdce402f64	0	0	0	0	0	0	0	0	0	0	0	0	0	0	0	0	0	0	13	0	0	0	0	0	0	0	0	0	0	0	0	0	0	0	0	0	0	0	0	0	13	0	0	0	0	0	0
a8a0928c9c9cd8bd0d7fe483b7d96723	0	32	0	0	39	0	0	0	0	0	0	0	0	0	0	0	0	0	0	0	0	0	0	0	0	0	0	0	0	0	0	0	0	19	0	0	0	0	0	0	0	0	0	0	0	0	0
3db31a9acedbfbfc6df5a89658d31bc2	0	13	0	0	0	13	0	0	0	12	0	0	10	0	0	11	0	0	0	0	0	17	0	19	10	21	15	30	0	23	0	10	0	0	0	0	0	0	0	0	20	8	0	0	0	0	0
83717ee42636393469a212d741c5b1da	0	0	0	0	0	0	0	0	0	0	0	0	0	0	0	0	0	0	0	0	0	0	0	0	0	0	0	0	0	2	0	0	0	0	0	0	0	0	0	0	0	0	0	0	0	0	0
f166e467612574466179f5eac890e6de	0	0	0	0	0	0	0	0	0	0	0	0	0	0	0	0	0	0	0	0	0	5	0	0	0	0	0	0	0	0	0	0	0	0	0	0	0	0	0	0	0	0	0	0	0	0	0
0403c465c56991f2da3720cd452f642e	0	0	0	0	0	0	0	0	0	0	0	0	0	0	0	0	5	0	0	0	0	0	0	0	0	0	0	0	0	0	0	0	0	0	0	0	0	0	0	0	0	0	0	0	0	0	0
f6b4d9d1bcf5e3b7d8896dc12eab4514	0	0	0	0	0	0	0	0	0	0	0	0	0	0	0	0	0	0	0	0	0	0	0	0	0	0	0	0	0	0	0	0	0	0	0	0	0	0	0	0	18	0	4	0	0	0	0
85d1feb5a387a3172c958f17a6ce0c4c	0	0	0	0	0	0	0	0	0	0	0	0	0	0	0	0	0	0	0	0	0	0	0	0	0	0	0	0	0	0	0	0	0	0	0	0	0	0	0	0	0	0	0	0	0	6	0
0e4a832c5080a17cb2796b56caa01aa4	0	0	0	0	0	0	0	0	0	0	0	0	0	0	0	0	0	0	0	0	0	0	0	0	0	0	0	0	0	0	0	0	0	0	0	0	0	0	0	0	0	2	0	0	0	0	0
32da5e3f056783af3367b033ac2a1368	0	0	0	0	0	0	0	0	0	0	0	0	0	0	0	0	0	0	0	0	0	0	0	0	0	0	0	0	0	0	0	0	0	4	0	0	0	0	0	0	0	0	0	0	0	0	0
fca0b47896397785e5a71b4d271a86b2	0	0	0	0	0	0	46	0	0	0	0	0	0	0	0	0	0	0	0	0	0	0	0	0	0	0	0	0	0	0	0	0	0	0	0	0	0	0	0	0	0	0	0	0	0	0	0
ae0cf8ae73d2bef7a7c2f0404f406171	0	0	0	0	0	0	0	0	0	0	0	0	0	0	0	0	0	0	0	0	0	0	0	0	0	0	0	0	0	0	0	0	0	0	0	0	0	0	0	0	0	0	0	0	0	4	0
999d1243241f20e891960afd2a12ee4e	0	0	0	0	0	0	0	0	0	0	0	0	0	0	0	0	0	0	0	0	0	0	0	22	26	0	0	0	0	0	0	0	0	0	0	0	0	0	0	0	0	0	0	0	0	0	0
219c7daae7776d3d21d65d79b264c645	0	0	0	0	0	0	0	0	0	0	0	0	0	0	0	0	0	0	0	0	0	0	0	0	0	6	0	0	0	0	0	0	0	0	0	0	0	0	0	0	0	0	0	0	0	0	0
bd4576de766d90f0b78e185b064bf143	0	0	0	0	0	0	0	0	30	0	0	0	8	0	0	0	0	3	0	0	3	0	0	6	0	2	0	0	0	0	0	0	0	0	0	0	3	0	0	0	0	0	0	0	0	2	0
2cb39ad3442d31adc90d7de4e77c2843	0	0	0	0	0	0	0	0	0	0	0	0	0	0	0	0	0	0	0	0	0	0	0	5	0	0	0	0	0	0	0	0	0	0	0	0	0	0	0	0	0	0	0	0	0	0	0
ebb1463ffd4eee091761744c58e6f97b	0	0	0	0	0	0	0	0	0	0	0	0	0	0	0	0	0	0	0	0	0	0	0	0	0	0	0	0	0	0	0	0	2	0	0	0	0	0	0	0	0	0	0	0	0	0	0
420d57db2bd32c78438d74101579fb2e	0	0	0	0	0	0	0	0	10	0	0	0	0	0	0	0	0	0	0	0	0	0	0	0	0	0	0	0	0	0	0	0	0	6	0	0	0	0	0	0	0	0	0	0	0	0	0
3d6a6109f529278ba326cf085b440c87	0	0	0	0	30	0	9	0	0	0	0	0	11	0	17	0	0	9	0	0	30	0	0	13	0	0	0	0	26	0	0	0	0	0	0	40	10	0	0	0	0	0	0	0	12	18	0
75599cb1505bd5989bc096fbabbbcdf1	0	0	0	0	0	0	0	0	0	0	0	0	0	0	0	0	0	0	0	0	0	0	0	0	0	0	0	0	0	5	0	0	0	0	0	0	0	0	0	0	0	0	0	0	0	0	0
dde68dd4f71484b88a6ca5fd40a1817d	0	0	0	0	0	0	0	0	0	0	0	0	0	0	0	0	0	0	0	0	0	0	0	0	0	7	0	0	0	0	0	0	0	0	0	0	0	0	0	0	0	0	0	0	0	0	0
8167140b2f87fe125ef444853218426d	0	0	0	0	0	0	0	0	0	0	0	0	0	0	0	0	0	0	0	0	0	0	0	17	0	0	0	0	0	0	0	0	0	0	0	0	0	0	0	0	0	0	0	0	0	0	0
4a98a75bc95df57ecca905b1838b2e6c	0	0	0	0	0	0	0	0	0	0	0	0	0	0	0	0	0	0	0	0	0	0	0	0	0	0	8	0	0	0	0	0	0	0	0	0	0	0	0	0	0	0	0	0	0	0	0
71ce5b9b8c39113c22954ba2b0161e07	0	0	0	0	0	0	0	0	0	0	0	0	0	0	0	0	0	0	0	0	13	0	0	0	0	0	0	0	0	0	0	0	0	0	0	0	0	0	0	0	0	0	0	0	0	0	0
dcb71267f99987a641ed2637721fb035	0	0	0	0	17	0	0	0	0	0	0	0	0	0	0	0	0	0	0	0	0	0	0	0	0	0	0	0	0	0	0	0	0	0	0	0	0	0	0	0	0	0	0	0	0	0	0
65b675b68f09d68c923e5b5b1ce5e2da	0	0	0	0	0	0	0	0	0	0	0	0	0	0	0	0	0	0	0	0	0	0	0	8	0	0	0	0	0	0	0	0	0	0	0	0	0	0	0	0	0	0	0	0	0	0	0
1c8e622df419051e07832117939ec9d5	0	0	0	0	0	0	0	0	15	0	0	0	0	0	0	0	0	0	0	0	0	0	0	0	0	0	0	0	0	0	0	0	0	0	0	0	0	0	0	0	0	0	0	0	0	0	0
2f70f82b07b2887241611d81763445df	0	0	0	0	0	0	4	0	0	0	0	0	0	0	0	0	0	0	0	0	0	0	0	0	0	0	0	0	0	0	0	0	0	0	0	0	0	0	0	0	0	0	0	0	0	0	0
6af69e810cfb8bace0da3395ac8a0c58	0	0	0	0	0	0	0	0	0	8	0	0	0	0	0	0	0	0	0	0	0	0	0	0	0	0	0	0	0	0	0	0	0	0	0	0	0	0	0	0	0	0	0	0	0	0	0
b1f21982ef8f110a053fb3f5f80fe50a	0	0	0	0	0	0	0	0	22	0	0	0	0	0	0	0	0	0	0	0	0	0	0	0	0	0	0	0	0	0	0	0	23	0	0	0	0	0	0	0	0	0	0	0	0	0	0
a1801b02578691d8ba8dde69510fe73c	38	0	0	0	35	0	0	0	0	0	0	0	0	0	0	0	0	0	0	0	0	0	0	11	3	0	0	9	0	0	0	0	0	0	0	0	0	0	0	0	0	0	0	0	0	0	0
750b11808c7c09d9bd7ed639879584c9	0	0	0	0	0	0	3	0	0	0	0	0	0	0	0	0	0	0	0	0	0	0	0	0	0	0	0	0	0	0	0	0	0	0	0	0	0	0	0	0	0	0	0	0	0	0	0
2a71ed8e2a3a58300b59b9b3ca5722b2	0	0	0	0	11	0	0	0	0	0	0	0	0	0	0	0	0	0	0	0	0	0	0	0	0	0	0	0	0	0	0	0	0	0	0	0	0	0	0	0	0	0	0	0	0	0	0
fec340993a739ee01f6eb267e367ea53	0	0	0	0	77	30	47	0	0	0	0	0	0	0	0	0	0	0	0	0	0	0	0	55	0	0	25	0	0	0	0	0	39	0	0	0	0	0	0	0	0	0	0	0	0	0	0
15c176f5eb5e369c067a6915199a3e9e	0	18	0	0	32	0	0	0	0	0	0	0	0	0	0	0	0	0	0	0	0	0	0	0	0	0	35	0	0	0	0	0	0	0	0	0	0	0	0	0	0	0	0	0	0	0	0
c8fa6aa96907c86f50921a4c195d3380	0	0	0	0	7	0	0	0	0	0	0	0	0	0	0	0	0	0	0	0	0	0	0	0	0	0	0	0	0	0	0	0	0	0	0	0	0	0	0	0	0	0	0	0	0	0	0
04239760f8a89a24265f84475274ce8e	0	0	0	0	0	0	0	0	0	8	0	0	0	0	0	0	0	0	0	0	0	0	0	21	0	0	0	15	0	0	0	0	0	0	0	0	0	0	0	0	0	0	0	0	0	0	0
d5015a817e763e6c9584dc99159276bf	0	0	0	0	0	0	0	0	0	3	0	0	0	0	0	0	0	0	0	0	0	0	0	0	0	0	0	0	0	0	0	0	0	0	0	0	0	0	0	0	0	0	0	0	0	0	0
34bbff1ee596a2d6d67f9191a66e53e3	20	43	0	0	83	0	26	0	0	0	0	0	0	42	0	0	0	0	0	22	0	0	0	0	0	0	80	51	0	42	0	0	0	0	0	0	22	0	0	0	0	0	24	0	0	0	0
610bdf25b60ac1c7a9398182ae89fa47	0	0	0	0	0	0	0	0	0	0	0	0	0	0	0	0	0	0	0	0	0	0	0	0	0	0	0	0	4	0	0	0	0	0	0	0	0	0	0	0	0	0	0	0	0	0	0
e4a21780259de691d13690258f76159a	0	0	0	0	0	7	0	0	0	0	0	0	0	0	0	0	0	0	0	0	0	0	0	0	0	0	0	0	0	0	0	0	0	0	0	0	0	0	0	0	0	0	0	0	0	0	0
f274e708a774d9250c89e480f83a48ff	0	0	0	0	0	0	0	0	0	0	0	0	0	0	0	0	0	0	0	0	0	0	0	0	0	0	0	0	0	0	0	0	0	0	0	0	0	0	0	0	10	0	0	0	0	0	0
b9f4e660ca3a725342bf297a4b1d9ca3	0	0	0	0	0	0	0	0	0	0	0	0	0	0	0	0	0	0	0	0	0	0	0	0	0	0	0	0	0	0	0	7	0	0	0	0	0	0	0	0	0	0	0	0	0	0	0
e1a37cc6d234c1e63a01a031443fb81c	0	0	0	0	0	0	0	0	0	0	0	0	0	0	0	0	0	0	0	0	0	5	0	0	0	0	0	0	0	0	0	0	0	0	0	0	0	0	0	0	0	0	0	0	0	0	0
70ed22512a25ff24a24f4ed2ed3693cb	0	0	0	0	0	0	0	0	0	0	0	0	0	0	0	0	0	0	0	0	0	0	0	0	0	0	0	0	0	0	0	0	0	0	0	0	0	0	0	0	0	0	0	0	0	0	3
c57cbebd3bf1f326c470e1e23906f278	0	0	0	0	0	0	0	0	0	4	0	0	0	0	0	0	0	0	0	0	0	0	0	0	0	0	0	0	0	0	0	0	0	0	0	0	0	0	0	0	0	0	0	0	0	0	0
7bc34fc15dcfe597fc0bf7bb817d7b86	0	0	0	0	0	0	0	0	0	0	0	0	0	0	0	0	0	0	8	0	0	0	0	0	0	0	0	0	0	0	0	0	0	0	0	0	0	0	0	0	0	0	0	0	0	0	0
8181784408907d5d5d93edc2a6d23ca2	0	0	0	0	7	0	0	0	0	0	0	0	0	0	0	0	0	0	0	0	0	0	0	0	0	0	0	0	0	0	0	0	0	0	0	0	0	0	0	0	0	0	0	0	0	0	0
24f876e8926f8fdbafe7ea3b68703845	0	0	0	0	0	0	0	0	0	0	0	0	0	0	0	0	0	0	0	0	0	0	0	0	0	0	27	0	0	0	0	0	0	0	0	0	0	0	0	0	0	0	0	0	19	0	0
49cbeeee9bcfca483ac5983608545c75	0	0	0	0	0	0	0	0	0	0	0	0	14	0	0	0	0	0	0	0	0	0	0	0	0	0	0	0	0	0	0	0	0	0	0	0	0	0	0	0	0	3	0	0	0	0	0
cd94aaebfac4dad193cebe7b2af1b868	0	0	0	0	0	0	9	0	0	0	0	0	0	0	6	10	0	0	0	0	4	6	0	0	0	0	0	0	0	0	0	0	0	0	0	0	0	0	0	0	0	4	0	0	0	0	0
d34ca890d040cf61315089bd428c1c63	0	0	0	0	0	0	0	0	0	0	0	0	0	0	0	0	0	0	0	0	0	0	0	0	0	0	0	0	0	0	0	0	0	0	0	0	0	0	0	0	0	0	0	0	0	0	16
f3f605a3ada5c432cd5304d869631932	31	173	0	112	285	158	252	3	70	51	20	0	47	78	26	29	14	42	60	58	163	69	5	293	112	180	177	272	67	121	0	98	54	135	22	35	81	0	0	124	281	60	170	18	43	112	47
d66084f8c6d702f9d7d38ec80f73d00c	0	0	0	0	0	0	0	0	0	0	0	0	0	0	0	0	0	0	0	0	0	0	0	6	0	0	0	0	0	0	0	0	0	0	0	0	0	0	0	0	0	0	0	0	0	0	0
7894a0b8376fdacdb7851c370c0520cd	0	0	0	0	0	0	0	0	0	0	0	0	0	0	23	0	23	0	0	0	0	0	0	0	0	0	0	0	0	0	0	0	0	0	0	0	0	0	0	0	0	0	0	0	0	0	0
2981aa9f69bc423dc502b2e178dc7904	0	0	6	0	0	0	0	0	0	0	0	0	0	0	0	0	0	0	0	0	0	0	0	0	0	0	0	0	0	0	0	0	0	0	0	0	0	0	0	0	0	0	0	0	0	0	0
9d937f02755abd75890105cbac953bde	0	0	0	0	0	0	0	0	0	0	0	0	0	0	0	0	0	0	0	0	0	0	0	0	6	0	0	0	0	0	0	0	0	0	0	0	0	0	0	0	0	0	0	0	0	0	0
c6cb538a08158667ecf55c98a319a7a4	0	0	0	0	0	0	0	0	0	0	0	0	0	0	0	0	0	0	0	0	0	0	0	0	0	0	0	0	0	0	0	0	0	0	0	0	0	0	0	0	0	0	0	0	0	2	0
c59fa81c29c73398a04564721b86b9b0	0	0	0	0	0	0	0	0	0	0	0	0	0	0	0	0	0	0	0	0	0	0	0	0	0	0	0	0	0	0	0	15	0	0	0	0	0	0	0	0	0	0	0	0	0	0	0
176016365f0760bda35c0263c943ba7f	0	2	0	0	0	0	0	0	0	0	0	0	0	0	0	0	0	0	0	0	0	0	0	0	0	0	0	0	0	0	0	0	0	0	0	0	0	0	0	0	0	0	0	0	0	0	0
1b0592d20fc552a47d8b776fa048eb34	0	0	0	0	0	0	0	0	0	0	0	0	0	0	0	0	0	0	0	0	0	0	0	0	0	0	0	0	0	0	0	0	0	0	0	0	0	0	0	0	0	0	0	0	0	3	0
ab49b3672f71b40d468bc1d5e7b6c04c	0	0	0	0	0	0	0	0	0	0	0	0	0	0	0	0	0	0	0	0	0	0	0	0	0	0	0	6	0	0	0	0	0	0	0	0	0	0	0	0	0	0	0	0	0	0	0
b23debc7fe387962e2c600498d295eb5	0	0	0	0	26	0	16	0	0	0	0	0	0	0	0	0	0	0	0	0	9	0	0	23	0	17	33	3	0	0	0	0	0	0	0	0	0	0	0	0	0	0	0	0	0	0	0
4b0c1a47c343eabf7f8689e1405e9515	0	3	0	0	0	0	0	0	0	0	0	0	0	0	0	0	0	0	0	0	0	6	0	0	0	0	0	0	0	0	0	0	0	0	0	0	0	0	0	0	0	0	0	3	5	0	0
64ba9d2793937d6cb4204c953fe370e3	0	0	0	0	0	0	0	0	0	0	0	0	0	0	0	0	0	0	0	0	0	0	0	0	0	27	0	0	0	0	0	0	0	0	0	0	0	0	0	0	0	0	0	0	0	14	0
5b5a58c04b5bd56d77cf0ace2ad73010	0	0	0	0	0	0	0	0	0	0	0	0	0	0	0	0	0	0	0	0	0	0	0	0	0	0	0	0	0	12	0	0	0	0	0	0	0	0	0	0	0	0	0	0	0	0	0
5f1a8f3b7248c2ae613efc84b93db4ce	0	0	0	0	0	0	0	0	0	0	0	0	0	0	0	0	0	0	0	0	0	0	0	0	0	0	0	0	0	0	0	4	0	0	0	0	0	0	0	0	0	0	0	0	0	0	0
97bbfc3631bf2d5cde4c608864606035	0	0	0	0	0	0	0	0	0	0	0	0	0	0	0	0	0	0	6	0	0	0	0	0	0	0	0	0	0	0	0	0	0	0	0	0	0	0	0	0	0	0	0	0	0	0	0
4eb5873489776b6c97bcca447ea933ee	0	0	0	0	0	7	0	0	0	0	0	0	0	0	0	0	0	0	0	0	0	0	0	0	0	0	0	0	0	4	0	18	7	0	0	0	0	0	0	0	0	0	0	0	0	0	0
7b6f05fcc5f70e577c22233470787aa8	0	0	0	0	0	0	0	0	0	0	0	0	0	0	0	0	0	0	0	0	0	0	0	32	0	0	0	0	0	0	0	0	0	0	0	0	0	0	0	0	0	0	0	0	0	0	0
2edb0c757f3e309f4bea28a37ff4d62e	0	0	0	0	0	0	0	0	0	0	0	0	0	0	0	0	0	0	0	0	0	0	0	0	0	0	0	0	0	0	0	0	0	0	0	0	11	0	0	0	0	0	0	0	0	0	0
a08a95591820d3fe5163f4a97e57ceaf	0	0	0	18	0	11	0	0	0	29	0	0	0	0	0	0	0	0	17	0	15	29	0	35	14	20	0	0	19	0	0	0	0	0	0	0	0	0	0	0	55	0	0	0	0	39	28
8bca143e47d6141360fef2ac544fe5e5	0	0	0	0	0	0	0	0	0	0	0	0	0	0	0	0	0	0	0	0	0	0	0	17	0	0	0	0	0	0	0	0	0	0	0	0	0	0	0	0	0	0	0	0	0	0	0
e450195bf43cdf784f3c5f1f73a24454	0	37	0	0	0	0	0	0	0	0	0	0	0	0	0	0	0	0	0	0	0	0	0	0	0	0	0	0	0	0	0	0	0	0	0	0	0	0	0	0	0	0	0	0	0	0	0
91c963f8bd71a2ac6ff42a12eb683edd	0	0	0	0	0	0	0	0	0	0	0	0	0	0	0	0	0	0	0	0	0	0	0	0	0	0	0	0	0	0	0	0	0	1	0	0	0	0	0	0	0	0	0	0	0	0	0
09e169e0836c582548ba5141f71e712d	0	0	0	0	0	0	4	0	0	0	0	0	0	0	0	0	0	0	0	0	0	0	0	0	0	0	0	0	0	0	0	0	0	0	0	0	0	0	0	0	0	0	0	0	0	0	0
6a4c98d4c888ed2d8bf86bc1efe4dc84	0	0	0	0	0	0	22	0	0	0	0	0	0	0	0	0	0	0	0	0	0	0	0	0	0	0	0	0	0	0	0	0	0	0	0	0	0	0	0	0	0	0	0	0	0	0	0
65e97c777e385d97c9e532080d7d1aa8	0	0	0	0	0	0	0	0	0	0	0	0	0	0	0	0	0	0	0	0	0	0	0	7	0	0	0	0	0	0	0	0	0	0	0	0	0	0	0	0	0	0	0	0	0	0	0
f70ad93de259174333f3b580a8a6bf3d	0	0	0	0	0	0	0	0	0	0	0	0	0	0	3	0	0	0	5	0	0	0	0	0	0	0	0	0	0	0	0	0	5	0	0	0	0	0	0	0	0	5	8	0	0	0	0
4cb1553ed04a52032a1506170b910d57	0	0	0	0	0	0	0	0	0	0	0	0	0	0	0	0	0	0	0	0	0	0	0	0	0	0	0	0	0	0	0	0	0	0	0	0	4	0	0	0	0	0	0	0	0	0	0
75549981911a6cb5fe1cdf04b9f25a59	0	47	0	29	48	42	76	0	22	62	21	0	74	77	0	38	0	58	46	65	85	64	5	98	55	97	107	141	49	128	0	59	43	36	21	33	38	0	0	73	100	34	60	17	0	59	49
34a0c932880ca6055e87a434692b2582	0	0	0	5	5	0	0	0	0	0	0	0	0	0	0	0	0	0	0	0	0	0	0	0	0	0	0	0	0	0	0	0	0	0	0	0	0	0	0	0	0	0	0	0	0	0	0
cef1d778e0845a18574f8aa5677c2bcf	0	0	0	6	0	0	11	0	0	0	0	0	0	0	0	0	0	0	0	5	18	7	0	26	0	26	0	10	0	9	0	0	0	0	0	0	0	0	0	0	0	5	14	0	6	0	0
efc8a8d8eabe3ec619ce906b8be87803	0	0	0	0	0	0	0	0	0	0	0	0	0	0	0	0	0	0	0	0	12	0	0	0	0	0	0	0	0	0	0	0	0	0	0	0	0	0	0	0	0	0	0	0	0	0	0
80319ecc4e46ff50645cbd36acd5673b	0	0	0	0	0	0	0	0	0	0	0	0	0	0	0	0	0	0	0	1	0	0	0	0	0	0	0	0	0	0	0	0	0	0	0	0	0	0	0	0	0	0	0	0	0	0	0
d5b5fd37df46778cff044bbe33af0988	0	0	0	0	0	0	0	0	0	0	0	0	0	0	0	0	0	0	0	0	0	0	0	0	0	0	0	0	0	0	0	0	0	15	0	0	0	0	0	0	0	0	0	0	0	0	0
60275c8e074f87b3edcc5d653d096d58	0	0	0	10	0	0	0	0	0	0	0	0	0	0	0	0	0	0	0	0	0	0	0	0	0	0	0	0	0	1	0	0	0	0	0	0	0	0	0	0	0	0	0	0	0	0	0
afda00c6fab1eb3ca9aa3f02f88092a2	0	0	0	1	0	6	0	0	0	8	0	0	0	0	0	2	0	0	0	0	0	5	0	0	0	0	0	9	0	0	0	0	0	5	0	0	0	0	0	8	9	0	0	0	0	0	0
26ecd6200cb8641c8885f2d846139d1a	0	0	0	0	0	0	0	0	0	0	0	0	0	0	0	0	0	0	0	0	0	0	0	12	0	0	0	0	0	0	0	0	0	0	0	0	0	0	0	0	0	0	0	0	0	0	0
63265cf0ca39a06a67f27055adad9903	0	0	0	13	36	25	21	0	12	27	0	0	0	23	14	11	0	0	37	18	59	20	0	76	0	32	60	82	14	50	0	12	18	17	0	0	17	0	0	26	57	0	18	0	0	16	0
3bc9a925c7b5d81a27dd88660f5e1766	0	0	0	0	0	0	0	0	0	0	0	0	0	0	0	0	0	0	0	0	0	0	0	0	0	0	0	5	0	0	0	0	0	0	0	0	0	0	0	0	0	0	0	0	0	0	0
3b37e9502b7704049af9a3bad1a83d90	0	0	0	0	0	0	0	0	0	0	0	0	0	0	0	0	0	0	0	0	0	0	0	0	0	0	0	7	0	0	0	0	0	0	0	0	0	0	0	0	0	0	0	0	0	0	0
284613b697fe4af7c8a62b945ff6b519	0	0	0	0	0	0	0	0	0	0	0	0	0	0	0	0	0	0	0	7	0	0	0	0	9	0	16	0	0	0	0	0	0	0	0	0	0	0	0	0	9	0	0	0	0	0	0
35be669d223ff3451eddd9aeb3e88269	0	4	0	6	0	17	22	0	0	12	0	0	0	7	0	0	3	0	0	0	49	13	0	0	0	0	29	22	0	0	0	0	0	6	0	0	0	0	0	0	20	0	0	0	0	16	6
8fa5d9133cac827b0a8e282b80f3432f	0	0	0	0	0	0	0	0	0	0	0	0	0	0	0	0	0	0	0	0	0	0	0	0	0	0	0	0	0	0	0	0	0	0	0	0	0	0	0	0	0	4	0	0	0	0	0
06b93f3195fe6dfe8cbf9f864c456718	0	0	0	0	7	0	0	0	0	0	0	0	0	0	0	0	0	0	0	0	0	0	0	0	0	0	0	0	0	0	0	0	0	0	0	0	0	0	0	0	0	0	0	0	0	0	0
54e28c0e244c40c64accd007392f320e	0	0	0	0	5	0	0	0	36	0	0	0	0	0	0	0	0	0	21	0	0	0	0	1	0	0	9	0	0	17	0	0	0	0	0	0	12	0	0	0	0	0	0	0	0	0	0
e333da37f9bd59396ce7c995b7d0feb8	0	0	0	0	0	0	0	0	0	0	0	0	0	0	0	0	0	0	0	0	0	0	0	0	0	0	0	0	0	0	0	0	0	15	0	0	0	0	0	0	0	0	0	0	0	0	0
8cb8b7b11035ca74499a73893845b0d9	0	0	0	0	0	0	0	0	0	0	0	0	0	0	0	0	0	4	0	0	0	0	0	16	0	0	0	0	0	0	0	0	0	0	0	0	0	0	0	0	0	0	3	0	0	0	0
86b58c0e10ea3cd03777e0161baacf43	0	0	0	0	0	0	0	0	0	0	0	0	0	14	0	0	0	8	0	0	0	0	0	0	0	0	0	0	0	0	0	0	0	0	6	0	0	0	0	0	0	0	0	0	0	0	0
0cc5840e701a10e400f35c9e4026737a	0	0	0	0	0	0	0	0	0	10	0	0	0	15	0	0	0	0	11	0	13	13	0	31	0	19	13	0	0	11	0	16	0	0	0	0	6	0	0	0	0	0	20	0	0	0	10
7cbdaa813e99b6dd6b29892f5a359f11	0	0	0	0	0	0	0	0	0	0	0	0	0	0	0	0	0	0	0	0	0	0	0	0	0	0	10	16	0	0	0	0	0	0	0	0	0	0	0	0	0	0	0	0	0	0	0
d9524a2878288f78a5ef3ed8a4478bad	0	0	0	0	0	0	0	0	0	0	0	0	0	0	0	0	0	0	0	0	0	0	0	0	0	0	0	0	0	0	0	0	11	0	0	0	0	0	0	0	0	0	0	0	0	0	0
3e5e81fe5207a9501bd548cb4ec432b0	0	0	0	0	0	0	0	0	0	0	0	0	0	0	0	0	0	0	0	0	0	0	0	0	0	0	0	0	0	0	0	0	0	0	0	0	0	0	0	0	0	0	5	0	0	0	0
aa2c22c5c8247ccc0446c48bed374381	0	0	0	0	9	0	0	0	0	0	0	0	0	0	0	0	0	0	0	0	0	0	0	0	0	0	0	0	0	0	0	0	0	0	0	0	0	0	0	0	0	0	0	0	0	0	0
809c79427c3cadb036865449216ebfee	10	0	0	0	0	0	0	0	0	0	0	0	0	0	0	0	0	0	0	0	0	0	0	0	0	0	0	0	0	0	0	0	0	0	0	0	0	0	0	0	0	0	0	0	0	0	0
2e30145a698eb25a0c0dfa9705c0ab32	0	40	0	0	33	17	77	0	24	55	18	0	0	44	26	41	27	16	70	50	32	42	0	109	47	67	90	78	25	78	0	44	64	32	24	0	0	0	0	23	73	50	46	0	35	19	22
d578c77d5b5cbf4334f287b6462aa01f	0	11	0	0	0	0	0	0	0	0	0	0	0	0	0	0	0	0	0	0	0	0	0	0	0	0	0	0	0	0	0	0	0	0	0	0	0	0	0	0	0	0	0	0	0	0	0
daa38f70f9e96696e46ca124699ce4ff	21	0	0	0	0	0	0	0	0	0	0	0	0	0	0	0	0	0	0	0	0	0	0	0	0	0	0	0	0	0	0	0	0	0	0	0	0	0	0	0	0	0	0	0	0	0	0
d5ec841c75a93c1249875982bf213609	0	0	0	0	0	0	0	0	0	0	0	0	0	0	7	0	0	0	0	0	0	0	0	0	0	0	0	0	0	0	0	0	0	0	0	0	0	0	0	0	0	0	0	0	0	0	0
ef62bc934907076ce41c76ae13c35a89	0	0	0	0	0	0	0	0	0	0	0	0	0	13	0	0	0	0	0	0	0	0	0	0	0	0	0	0	0	0	0	0	0	0	0	0	0	0	0	0	0	0	0	0	0	0	0
9e40af9b25d59d8d3a618f3a20f10912	0	0	0	0	0	0	0	0	0	0	0	0	0	0	0	0	0	0	0	0	0	0	0	0	0	3	0	0	0	0	0	0	0	0	0	0	0	0	0	0	0	0	0	0	0	0	0
da19396d00d9005e7571d4e3f3cc5dc6	0	0	0	0	0	0	0	0	0	0	0	0	0	0	0	0	0	0	0	0	0	0	0	8	0	0	0	0	0	0	0	0	0	0	0	0	0	0	0	0	0	0	0	0	0	0	0
a8db5727914917a71138766192e0d8a1	0	0	0	0	0	0	0	0	0	0	0	0	0	0	0	0	0	0	0	0	0	0	0	7	0	5	0	0	4	0	0	0	0	0	0	0	0	0	0	0	0	0	0	0	0	0	0
d8b442b1cff47d3fedb17fb17db642cb	0	0	0	0	0	0	0	0	0	28	0	0	0	19	0	0	0	0	0	0	0	0	0	49	0	0	0	0	0	22	0	0	0	0	0	0	0	0	0	0	23	0	0	0	0	0	0
7f74d8bc97fd317cedd7b42ffa4f9f51	7	0	0	0	0	0	0	0	0	0	0	0	0	0	0	0	0	0	0	0	0	0	0	0	0	0	0	0	0	0	0	0	0	0	0	0	0	0	0	0	0	0	0	0	0	0	0
5f060010c279e8156ffe0b7353a11051	0	0	0	0	0	0	0	0	0	0	0	0	0	0	0	0	0	0	0	0	0	0	0	0	0	0	0	23	0	0	0	0	0	0	0	0	0	0	0	0	0	0	16	0	0	0	0
6ecf6c897aebc391f8b4afd6cdcfcc5f	0	0	0	0	0	8	0	0	0	0	0	0	0	0	0	0	0	0	0	0	0	0	0	0	0	0	0	0	0	0	0	0	0	0	0	0	0	0	0	0	0	0	0	0	0	0	0
cfdbe237443639a2a59cedb63e72513a	0	0	0	0	0	0	0	0	0	9	0	0	17	0	0	0	0	0	0	0	0	6	0	0	6	0	0	2	7	0	0	0	6	5	0	0	0	0	0	5	0	0	0	0	0	0	0
17bda9f93b4f4ffd41d168a0a2e449cd	0	0	0	0	0	0	0	0	0	0	0	0	0	0	0	0	0	0	0	0	0	0	0	0	0	0	0	0	0	0	0	0	0	0	0	0	0	0	0	0	0	0	10	0	0	0	0
4db2ba3c0280ef8dd329786b078b9e25	0	0	0	0	0	0	0	0	0	0	0	0	0	0	0	0	0	0	0	0	0	0	0	0	0	0	0	0	0	0	0	13	0	0	0	0	0	0	0	0	0	0	0	0	0	0	0
8275073ab55e455d3663260895b114a5	0	0	0	0	0	0	0	0	0	0	0	0	0	0	0	0	0	0	0	0	0	0	0	0	0	0	0	0	0	0	0	0	0	0	0	0	4	0	0	0	0	0	0	0	0	0	0
3c73bb980efeda4249ad81d0cd2f3adf	0	0	0	0	0	0	0	0	0	0	0	0	0	0	0	0	0	0	3	0	0	0	0	0	0	0	0	0	0	0	0	0	0	0	0	0	0	0	0	0	0	0	0	0	0	0	0
ea2e85259462706601f45cad76842e61	0	10	0	0	0	0	0	0	0	0	0	0	0	0	0	0	0	0	0	0	0	0	0	0	0	7	0	0	0	0	0	0	0	0	0	0	0	0	0	0	0	0	0	0	0	0	0
283ab35af3232c686cadf727818a7b42	0	0	0	0	0	0	0	0	0	0	0	0	0	0	0	0	0	0	0	0	0	0	0	0	0	0	0	0	2	0	0	0	0	0	0	0	0	0	0	0	0	0	0	0	0	0	0
e05c0a30417b13f84b7f83df440a312a	0	0	0	0	0	0	68	0	0	0	0	0	0	0	0	0	0	0	0	0	0	0	0	0	0	0	0	0	0	0	0	0	0	0	0	0	0	0	0	0	0	0	0	0	0	0	0
455a6582dcc104283e4e46a56541874f	0	0	0	4	0	0	0	0	0	0	4	0	5	0	0	0	0	3	0	5	3	0	0	0	0	0	5	0	0	0	0	0	0	3	0	0	0	0	0	0	6	0	0	0	0	0	0
6e9ae494f0de5603700bf5fdb654ab38	0	14	0	0	24	0	14	0	0	0	0	0	0	0	0	0	0	0	0	0	0	0	0	0	0	0	12	20	0	11	0	0	0	0	0	0	0	0	0	0	0	0	10	0	0	0	0
fce11be4a8101ce4a3d134ee88e0e176	0	0	0	0	0	0	0	0	0	0	0	0	8	0	0	0	0	0	0	0	0	0	0	0	0	0	20	0	0	0	0	0	0	0	0	0	0	0	0	0	0	0	0	0	0	0	13
ccc3faee88a70bbff7a1661d0318a3c3	28	0	0	0	0	0	0	0	0	0	0	0	0	0	0	0	0	0	0	0	0	0	0	0	0	0	0	0	0	0	0	0	0	0	0	0	0	0	0	0	0	0	0	0	0	0	0
28d848a5f8f8b49e144e76f2c57a4941	0	0	0	0	4	0	10	0	0	0	0	0	0	0	0	0	0	0	0	0	0	0	0	0	0	0	0	0	0	0	0	0	0	0	0	0	0	0	0	0	0	0	0	0	0	0	0
1bb18a202b352ec708b889a01c68c7af	0	0	0	0	0	4	0	0	0	0	0	0	0	0	0	0	0	0	0	0	0	0	0	0	0	0	0	0	0	0	0	0	0	0	0	0	0	0	0	0	0	0	0	0	0	0	0
20850fd9f91388f39ab3bd0518ae4bef	0	19	0	0	0	24	0	0	0	1	0	0	0	11	12	0	0	12	15	13	14	9	0	12	0	7	10	0	0	5	0	3	0	0	0	0	6	0	0	0	22	0	0	0	0	0	9
4fc1c507a7812c350f55cf5a697e513c	0	0	0	1	0	5	0	0	0	0	0	0	0	0	0	0	0	0	0	0	4	1	0	0	4	0	0	0	1	0	0	0	0	0	0	0	0	0	0	0	1	27	0	32	0	5	0
7545279d251072107a856326216382e9	0	0	0	0	0	0	0	0	0	0	0	0	0	0	0	0	0	0	22	0	0	0	0	0	0	0	0	0	0	12	0	14	0	20	0	0	0	0	0	0	0	0	0	0	0	0	0
deb0f75b659418cadfaff6bf4ad0d65e	0	0	0	0	0	4	0	0	0	0	0	0	0	0	0	0	0	0	0	4	0	0	0	0	0	0	0	0	0	0	0	0	0	4	0	0	0	0	0	0	0	0	0	0	0	0	0
594b9b9d1e6d7fdf2111c3209299a076	0	0	0	0	0	0	0	0	0	0	0	0	0	0	0	0	0	0	0	0	0	0	0	0	0	0	0	0	0	0	0	9	0	0	0	0	0	0	0	0	0	0	0	0	0	0	0
10ef2404959e6d8f53ba87fce45169be	0	0	0	0	0	0	0	0	0	0	0	0	0	0	0	0	0	0	0	0	0	0	0	0	0	0	0	0	3	0	0	0	0	0	0	0	0	0	0	0	0	0	0	0	0	0	0
5a014ed6ad200167bceaeb589062fa6b	0	0	0	0	0	0	0	0	0	0	0	0	0	0	0	0	0	0	0	0	0	0	0	0	0	0	0	2	0	0	0	0	0	0	0	0	0	0	0	0	0	0	0	0	0	0	0
898849b247cc4f8cee76f39db6c9b2bb	0	0	0	0	79	44	48	0	0	40	0	0	0	34	0	0	0	0	29	0	80	0	0	74	0	29	0	61	0	0	0	18	21	0	0	0	0	0	0	0	46	0	57	0	0	0	0
9c60c2a40678fd7cb58184d31e31d5c5	0	0	0	12	0	22	9	0	18	0	6	0	0	9	0	21	0	13	0	19	0	0	0	0	0	0	0	0	9	0	0	0	20	0	0	0	0	0	0	12	1	11	0	0	0	0	0
f008c2823ee195e28ab7eba87abd722c	0	16	0	0	21	30	0	0	0	0	0	0	0	0	0	0	0	11	0	0	0	0	0	0	0	0	0	17	17	0	0	26	0	0	0	0	0	0	0	0	30	0	0	0	0	0	0
a1bf63ed5fce5dfb095dbb1ccf0e0d25	0	0	0	0	0	0	0	0	0	7	0	0	0	0	0	0	0	0	0	0	0	0	0	7	0	0	0	0	0	0	0	0	0	0	0	0	0	0	0	0	0	0	6	0	0	0	0
bf3cf6f18fcf7175fd70616ca9c9d1fc	27	43	0	0	67	99	20	0	40	56	18	0	197	37	33	38	13	60	58	48	18	38	0	35	51	53	81	9	80	24	0	54	17	18	14	0	57	0	0	20	27	26	42	29	71	39	43
4eb8fe2cbecfde61eb8bca052c982cc7	0	0	0	0	0	0	0	0	0	0	0	0	0	0	0	0	0	0	0	0	0	0	0	0	0	0	0	0	0	0	0	0	0	0	0	0	0	0	0	0	0	0	0	0	1	0	0
3412d846ef314297c85ef0011c4985b7	0	0	0	0	0	0	0	0	0	0	0	0	5	0	0	0	0	0	0	0	0	0	0	0	0	0	0	0	0	0	0	0	0	0	0	0	0	0	0	14	0	0	0	0	0	0	0
066349624f96edad5e3b8c4be4f5a3ab	0	0	0	0	0	0	0	0	0	0	0	0	0	0	0	0	0	0	0	0	0	0	0	1	0	0	0	0	0	0	0	0	0	0	0	0	0	0	0	0	0	0	0	0	0	0	0
6590676f8af72c9a705ebd5a9210c4d3	0	0	0	0	15	0	0	0	0	0	0	0	0	0	0	0	0	0	0	0	0	0	0	0	0	0	0	0	0	0	0	0	0	0	0	0	0	0	0	0	0	0	0	0	0	0	0
64798a206c8bd3768a67a257e880fe86	0	0	0	0	0	0	0	0	0	0	0	0	0	0	0	0	0	0	0	0	0	8	0	0	0	0	0	0	0	0	0	0	0	0	0	0	0	0	0	0	0	0	0	0	0	0	0
717c5b98a8206ddecc8d257fbb269da9	0	0	0	14	20	0	0	0	8	0	0	0	0	6	0	0	0	0	18	0	0	0	0	0	0	0	0	11	0	0	0	0	0	0	0	0	0	0	0	0	0	0	0	0	0	0	0
b9ed07529fb0217a6679d37ea220a5c9	0	0	0	0	0	0	0	0	0	0	0	0	0	0	0	0	0	0	0	0	0	0	27	0	20	0	0	0	0	0	0	0	0	0	0	0	0	0	0	0	0	0	0	0	0	0	0
ba4fb223bd7b14ba6816897ba0ae2c19	0	0	0	0	0	0	0	0	0	0	0	0	0	0	0	0	0	0	0	0	0	0	0	0	0	0	0	0	0	0	0	0	3	4	0	0	0	0	0	0	0	0	0	0	0	0	0
1c7407c2784f0d8a8ba8f3d247994c0c	23	26	0	9	25	11	35	0	10	59	5	0	11	58	11	15	5	20	45	23	38	44	0	100	34	66	39	40	22	23	0	28	13	17	3	0	0	0	0	32	118	22	85	4	42	59	25
d0e407de71afefa813f98b61b8d4c7a3	21	80	0	39	113	30	65	0	45	47	11	0	28	64	28	47	0	64	50	42	75	74	0	166	61	100	55	124	53	74	0	50	0	50	0	0	28	0	0	88	127	16	47	0	20	53	25
9fed8e92d6368dfc5424723a83f5225e	0	0	0	0	0	0	0	0	0	0	0	0	0	0	0	0	0	0	0	0	0	0	0	5	0	0	0	0	0	0	0	0	0	0	0	0	0	0	0	0	0	0	0	0	0	0	0
5c86b5a7842afe5d8487ac87d683705c	0	0	0	0	0	0	0	0	0	0	0	0	0	0	0	0	0	0	0	0	0	0	0	0	0	0	0	0	0	0	0	0	3	0	0	0	0	0	0	0	0	0	0	0	0	0	0
20eeb173c3949762b9de7193075baa61	0	0	0	0	0	0	0	0	0	0	0	0	0	0	0	0	0	0	0	0	0	0	0	0	0	8	0	0	0	0	0	0	0	0	0	0	0	0	0	0	0	0	0	0	0	0	0
0993a0f1776e5398bddac766eae5ad03	0	0	0	0	0	0	0	0	0	8	0	0	0	0	0	0	0	0	0	0	0	0	0	0	0	0	12	0	0	0	0	0	0	0	0	0	0	0	0	0	0	0	0	0	0	0	0
1cbf0eadf4776193934fd0fd7d4851a0	0	0	0	0	19	0	0	0	0	0	0	0	0	0	0	0	0	0	0	0	0	0	0	0	0	0	0	0	0	0	0	0	0	0	0	0	0	0	0	0	0	0	0	0	0	0	0
6580fa0e6824389be61d3d119937f5d7	0	0	0	0	0	0	0	0	0	0	0	0	0	0	0	0	0	0	0	0	0	0	0	0	0	0	0	0	0	0	0	0	0	0	0	0	0	0	0	0	21	0	0	0	0	0	0
08e0180324f10d4b12cde16a7a4a858c	0	0	0	0	0	0	0	0	0	0	0	0	0	0	0	0	0	0	0	0	0	0	0	17	0	0	0	0	0	0	0	0	0	0	0	0	0	0	0	0	0	0	0	0	0	0	0
551f7384f32c2e507cbfc3c27bb78b15	0	0	0	0	0	0	0	0	0	0	0	0	0	0	0	0	0	0	0	0	61	0	0	0	0	0	0	0	0	0	0	0	0	0	0	0	0	0	0	0	0	0	0	0	0	0	0
3eabd789847aa9f9248af76ec386b07c	0	0	0	0	0	0	0	0	0	0	0	0	0	3	0	0	0	0	0	0	0	0	0	5	0	0	0	0	0	0	0	0	0	0	0	0	0	0	0	0	0	0	0	0	0	0	0
0e5819abf1ad948f3a9cb7c2551b4392	0	0	0	0	0	0	0	0	0	0	0	0	0	8	0	0	0	0	0	0	0	0	0	11	0	0	0	0	0	0	0	0	0	0	0	0	0	0	0	0	0	0	0	0	0	0	0
26291e7b0f6af114d80eae18119668ed	0	0	0	0	0	0	0	0	0	0	0	0	0	0	0	0	0	0	0	0	0	0	0	0	0	0	0	0	0	0	0	0	0	0	0	0	0	0	0	0	0	0	0	0	0	10	0
22e647dcc86d3e9d10a3a88e480d8547	0	0	0	0	0	0	0	0	0	16	0	0	0	0	0	0	0	0	0	0	0	0	0	0	14	0	11	0	0	0	0	0	0	0	0	0	0	0	0	0	0	0	0	0	0	0	0
07245bcdafe7c8ccf99b13e26ce8de6d	0	0	0	0	0	0	0	0	0	0	0	0	0	0	0	0	0	0	6	0	0	0	0	0	0	0	0	15	0	0	0	0	0	0	0	0	0	0	0	0	0	0	0	0	0	0	0
ea7d47b036509279b63a1f58fd58cbe8	0	0	0	0	0	0	0	0	0	0	0	0	0	0	0	0	0	0	0	0	0	0	0	0	0	0	0	0	0	0	0	0	0	0	0	0	0	0	0	0	8	0	0	0	0	0	5
026881a1edc70e45ba5409ce8cba513c	0	8	0	0	0	0	0	0	0	0	0	0	0	0	0	0	0	0	0	0	0	0	0	0	0	0	0	0	0	0	0	0	0	0	0	0	0	0	0	0	0	0	0	0	0	0	0
a74fa8d10b3dffd9614685c6932238d5	0	14	0	8	16	0	0	0	7	11	0	0	0	10	0	5	0	0	0	0	6	4	0	28	6	6	4	10	0	0	0	10	0	0	0	0	0	18	0	0	16	0	11	0	0	0	0
9f6cee17e7cb78c7b24d03e9420ce2f5	0	0	0	0	0	0	0	0	0	0	0	0	0	0	0	0	0	0	0	0	0	0	0	0	0	0	0	0	0	0	0	0	0	7	0	0	0	0	0	0	0	0	0	0	0	0	0
2e3c6fc71332b82959d91b6615b1cd31	0	0	0	0	7	0	0	0	0	0	0	0	0	0	0	0	0	0	0	0	0	0	0	0	0	0	0	0	0	0	0	0	0	0	0	0	0	0	0	0	0	0	0	0	0	0	0
d2d3480b16f1ebad6a5e57bd17e1b947	0	0	0	0	0	0	0	0	0	0	0	0	0	0	0	0	0	0	0	0	0	0	0	0	0	0	0	0	0	0	0	0	0	0	0	0	0	0	0	0	0	0	0	0	24	0	0
60baeb4ff8e729e66da62139c0616a26	0	0	0	0	0	0	0	0	0	0	0	0	0	0	0	0	0	0	0	0	0	0	0	0	0	0	0	0	10	0	0	0	0	0	0	0	0	0	0	0	0	0	0	0	0	0	0
4b468d5f1c8dfe363ffe3170a0a9458b	0	2	0	6	0	0	0	0	0	0	0	0	0	3	0	0	0	0	0	0	0	0	0	0	0	0	0	0	0	0	0	0	4	0	0	0	0	0	0	0	0	0	0	0	0	0	0
10c4b5a07c00fb75326814084b3e3f7c	0	5	0	0	0	0	0	0	0	0	0	0	0	0	0	0	0	0	0	0	0	0	0	0	0	0	0	0	0	0	0	0	0	0	0	0	0	0	0	0	0	0	0	0	0	0	0
c294e7c90968726e2f0e334eb25324e5	0	0	0	0	0	0	0	0	0	0	0	0	0	0	0	0	0	0	0	0	0	0	0	0	0	0	0	0	15	0	0	0	0	0	0	0	0	0	0	0	0	0	0	0	0	0	0
8cccee2b2355fb97d6f555d7b3cb7c59	0	0	0	0	3	0	0	0	0	0	0	0	0	30	0	0	0	0	0	0	0	29	0	29	0	20	0	35	0	0	0	8	0	0	0	0	0	0	0	15	29	0	14	0	0	20	0
635168cfbe2c176f96403387d7150d28	0	2	0	0	0	0	0	0	0	0	0	0	0	0	0	0	0	0	0	0	0	0	0	0	0	0	0	0	0	0	0	0	0	0	0	0	0	0	0	0	0	0	0	0	0	0	0
5c241d072819202b184e9882b403c433	0	0	0	0	0	0	23	0	0	12	0	0	0	0	0	0	0	0	0	0	0	0	0	0	0	0	0	0	0	0	0	0	0	0	0	0	0	0	0	0	0	0	0	0	0	0	0
d8844aa0d93088119895f350a7868340	0	0	0	0	0	0	0	0	0	0	0	0	0	0	0	0	0	0	0	0	0	0	0	0	0	8	0	0	0	0	0	0	0	0	0	0	0	0	0	0	0	0	0	0	0	0	0
7471b9b6096014ada7b11989016d1f1b	0	0	0	0	11	0	0	0	0	0	0	0	0	0	0	0	0	0	0	0	0	0	0	0	0	0	0	0	0	0	0	0	0	0	0	0	0	0	0	0	0	0	0	0	0	0	0
d5ec9adfb5d408ef3ecb56eaf919b1a9	0	0	0	0	0	0	0	0	0	0	0	0	0	0	0	0	0	0	0	0	0	2	0	0	0	0	0	0	0	0	0	0	0	0	0	0	0	0	0	0	0	0	0	0	0	0	0
43fcda4b19340537fd25cb41aff13752	0	0	0	0	0	0	0	0	0	0	0	0	0	0	0	0	0	0	0	4	0	0	0	0	0	0	0	0	0	0	0	0	0	0	0	0	0	0	0	0	0	0	0	0	0	0	0
2dd640a51f4a476951b94ccba797b2eb	0	0	0	0	0	0	0	0	0	0	0	0	0	0	0	0	0	5	0	0	0	0	0	0	0	0	0	0	0	0	0	0	0	0	0	0	0	0	0	0	0	0	0	0	0	0	0
a6b65ef8c3c052d23467fd5b1b609449	0	0	0	0	0	0	0	0	0	0	0	0	0	0	0	0	0	0	0	0	0	0	0	0	0	0	0	0	0	0	0	3	0	0	0	0	0	0	0	0	0	0	0	0	0	0	0
f66700cd5982a8e291b1c94a03f59946	0	0	0	0	0	0	0	0	0	0	0	0	0	0	0	0	0	0	0	0	0	0	0	0	0	0	0	0	0	0	0	0	0	0	0	0	0	0	0	0	0	0	0	0	0	4	0
dffdf9532a1ee86e525509fe5b9c5bda	19	103	0	65	126	59	0	0	28	66	16	0	98	34	11	0	0	41	71	50	84	69	8	178	135	158	170	26	47	39	0	53	40	24	0	48	62	0	0	73	157	41	95	19	22	20	12
7d5ad4b401111e127aea0eba8cb607dd	0	0	0	0	0	0	0	0	0	0	0	0	0	0	0	0	0	0	0	0	0	0	0	0	0	0	0	0	0	2	0	0	0	0	0	0	0	0	0	0	0	0	0	0	0	0	0
abbaa8b4f4c6a186f209a9a8174c7ddb	0	0	0	0	0	0	0	0	13	0	9	0	0	0	0	0	0	0	14	0	0	0	0	32	37	34	0	0	11	0	0	19	0	0	0	0	0	0	0	0	0	0	10	0	0	0	0
bbf6e79367f0efe4192a972e76322d40	0	0	0	0	0	0	0	0	0	0	0	0	0	0	0	0	0	0	0	0	0	0	0	1	0	0	0	0	0	0	0	0	0	0	0	0	0	0	0	0	0	0	0	0	0	0	0
1f6a636ff4383b4f50ee7a6a46329330	0	0	0	0	0	0	0	0	0	0	0	0	0	0	0	0	0	0	0	0	0	0	0	0	0	0	0	0	0	0	0	0	0	0	0	0	0	0	0	0	0	0	0	0	0	4	0
7b311d9b74c81b23815519af7293455f	0	0	0	0	0	0	0	0	0	0	0	0	0	0	10	0	0	0	0	0	0	0	0	16	0	0	0	0	0	0	0	0	0	0	0	0	0	0	0	0	0	0	0	0	0	0	0
c24a2500023efbc2bb226e020a6e0682	0	0	0	0	3	0	0	0	0	0	0	0	0	0	0	0	0	0	0	0	0	0	0	0	0	0	0	0	0	0	0	0	0	0	0	0	0	0	0	0	0	0	0	0	0	0	0
6e6062485c886ae2227d77c3de261437	0	0	0	0	13	0	0	0	0	0	0	0	0	0	0	0	0	0	0	0	0	0	0	0	0	0	0	0	0	0	0	0	0	0	0	0	0	0	0	0	0	0	0	0	0	0	0
e2db75ce4ec580b5c5bf1d88bfc25604	0	0	0	0	0	0	0	0	0	0	0	0	0	0	0	0	0	0	0	0	0	0	0	0	0	0	12	0	0	0	0	0	0	0	0	0	0	0	0	0	0	0	0	0	0	0	0
ec2835d49c1a7def9de224b81195877f	0	13	0	0	15	16	16	0	0	16	0	0	0	27	0	0	0	0	13	15	18	0	0	21	15	0	0	20	0	0	0	0	0	0	0	0	0	0	0	7	23	0	0	5	0	0	11
fbece5be013a230661c3bd4eb4a1eae7	0	0	0	0	0	0	0	0	0	0	0	0	0	0	0	0	0	0	0	12	0	0	0	0	0	0	0	17	0	0	0	0	0	0	0	0	0	0	0	7	0	0	0	0	0	0	0
fdca2ca8bed2fd7e852ab6403fa96fbf	0	0	0	0	0	0	0	0	0	0	0	0	0	0	0	0	0	0	0	0	0	0	0	0	0	0	0	0	0	0	0	9	0	0	0	0	0	0	0	0	0	0	0	0	0	0	0
0479d003299a70b9e14427c3f0074331	0	0	0	0	0	0	0	0	0	0	0	0	4	3	0	0	0	0	3	0	0	0	0	0	0	0	0	4	0	3	0	0	0	0	0	0	0	0	0	0	2	0	4	0	0	0	5
9f731659b4c60c575ff2fa7f05eaecf3	0	0	0	0	0	0	0	0	0	0	0	0	0	0	0	0	0	0	0	0	0	0	0	0	0	0	0	4	0	0	0	0	0	0	0	0	0	0	0	0	0	0	0	0	0	0	0
dc431499133cc855f8d74d5cdde35703	0	0	0	0	0	0	0	0	0	0	0	0	0	0	0	0	0	0	0	0	0	0	0	0	0	0	0	0	0	0	0	0	0	0	0	0	0	0	0	0	2	0	0	0	0	0	0
d4e2c9f35f83dc1b504b5e5c7054106e	0	0	0	0	0	0	0	0	0	0	0	4	0	0	0	0	0	0	0	0	0	0	0	0	0	0	0	0	0	0	0	0	0	0	0	0	0	0	0	0	0	0	0	0	0	0	0
6b7eaf1ab75bdeaeee4dd515ab9902f9	0	0	0	0	0	0	0	0	0	7	0	0	0	0	0	0	0	0	0	0	0	9	0	15	0	9	0	29	0	0	0	0	0	10	0	0	0	0	0	0	0	0	0	0	0	0	0
95d4d37c7afdfd24a01ed15ec546c9a2	0	0	0	0	21	0	29	0	0	21	0	0	0	0	0	0	0	0	0	0	0	0	0	44	3	0	0	39	9	0	0	0	0	43	0	0	0	0	0	0	0	0	0	0	0	0	0
d42736d14f9eaa960c11152cd04b0d43	0	0	0	0	0	0	0	0	0	0	0	0	0	0	0	0	0	0	0	0	0	0	0	0	0	0	0	0	0	0	0	0	0	0	0	0	0	0	0	0	0	0	0	0	0	39	0
725114e9e3451404c44c653aa148ef81	0	0	0	0	0	0	0	0	0	0	0	0	0	0	0	0	0	0	0	0	0	0	0	0	0	6	0	0	0	0	0	0	0	0	0	0	0	0	0	0	0	0	0	0	0	0	0
5c31b26b0098e548724d165896fecf5c	0	0	0	0	0	0	0	0	0	0	0	0	0	0	0	0	0	0	0	0	0	0	0	0	0	0	0	0	0	0	0	0	0	0	0	0	9	0	0	7	0	0	0	0	0	0	0
dfc51f5a400d1496b0add9e7131262d6	0	25	0	0	52	0	0	0	0	0	0	0	0	0	0	0	0	0	37	0	0	22	0	34	25	48	36	61	0	0	0	0	0	0	0	0	0	0	0	0	90	0	48	0	0	65	34
2a3b8df0e7ef665f9cba1d06eb7d1f1b	0	0	0	0	0	0	13	0	0	0	0	0	0	0	0	0	0	0	0	0	0	0	0	0	0	0	0	0	0	0	0	0	0	0	0	0	0	0	0	0	0	0	0	0	0	0	0
8b2f49d8669322af4089603d00c8eed1	0	0	0	0	0	0	0	0	0	0	0	0	0	0	0	0	0	0	0	0	0	0	0	0	0	0	0	0	0	0	0	27	0	0	0	0	0	0	0	0	0	0	0	0	0	0	0
a764cc71e1104a92345aa4d4eaec1ce5	0	0	0	0	0	0	0	0	0	0	0	0	0	0	0	0	0	0	0	0	0	0	0	0	0	0	0	0	0	0	0	0	0	7	0	0	0	0	0	5	0	0	0	0	0	12	0
a7d74597bd6d7aa03db0a034322cfb6d	0	20	0	0	49	0	0	0	13	0	0	0	26	15	12	0	0	0	0	0	15	0	0	0	31	0	0	33	0	16	0	0	0	17	0	0	0	0	0	0	17	0	16	0	0	0	0
980f273351b9b1e342750cb1b8e44c37	0	0	0	0	0	0	0	0	0	0	0	0	0	0	0	0	0	0	0	0	0	0	0	0	0	0	9	0	0	0	0	0	0	0	0	0	0	0	0	0	0	0	0	0	0	0	0
b4cc5f76380e5d3f7d38a470c62a6f78	0	0	0	0	0	0	0	0	0	0	0	0	0	0	0	0	0	0	0	0	0	0	0	0	0	0	0	0	0	0	0	0	5	0	0	0	0	0	0	0	0	0	0	0	0	0	0
88a3a0f1fde0ba7fc30fda73f2334c4a	0	0	0	0	16	0	10	0	0	0	0	0	0	0	0	0	0	0	0	0	0	0	0	0	0	0	0	0	0	0	0	0	0	0	0	0	0	0	0	0	0	0	0	0	0	0	0
f05fa9bbe6e59ed9b65ea6dcfbabdf10	0	0	0	7	0	0	0	0	0	0	0	0	0	0	0	0	0	0	0	0	0	0	0	0	0	0	0	0	0	0	0	0	0	0	0	0	0	0	0	0	0	0	0	0	0	0	0
b8b91f870bc277fdff8f5c4671cdc55e	0	0	0	0	0	0	0	0	0	0	0	0	2	0	0	0	0	0	0	0	0	0	0	0	0	0	0	0	0	0	0	0	0	0	0	0	0	0	0	0	0	0	0	0	0	0	0
30a86845538299d6c8a30c11a14bd008	0	0	0	0	0	0	0	0	0	0	0	0	0	0	0	0	0	0	0	0	0	0	0	0	0	0	0	0	0	0	0	0	0	0	0	0	0	0	0	0	0	0	0	0	0	8	0
557dc8c7ae1b611da143d6d13734007d	0	0	0	0	17	0	0	0	0	0	0	0	0	0	0	0	0	0	0	0	0	0	0	0	0	0	0	0	0	0	0	0	0	0	0	0	0	0	0	0	0	0	0	0	0	0	0
5686098ac41729a576db423acf5b0ce3	0	0	0	0	19	0	0	0	0	0	0	0	0	0	0	0	0	0	0	0	0	0	0	0	0	0	0	0	0	0	0	0	0	0	0	0	0	0	0	0	0	0	0	0	0	0	0
7aeb8a4c20da72a45b331ce430e4ebc7	0	0	0	4	0	0	0	0	3	0	3	0	0	0	3	0	0	0	0	0	0	0	0	0	0	0	0	0	0	0	0	0	0	0	0	0	4	0	0	0	0	0	0	0	0	0	0
01115de74e86ee3a2a3d410d5496b31f	0	0	0	8	0	0	0	0	0	0	0	0	0	0	0	0	0	0	0	0	0	0	0	0	0	0	0	0	0	0	0	4	0	0	0	0	0	0	0	0	0	0	0	0	0	0	0
c508b95e2cc0e404dc4939d4ac3520b2	0	0	0	0	0	0	0	0	0	0	0	0	0	0	0	0	0	0	38	0	0	0	0	0	0	0	0	0	0	17	0	0	0	13	0	0	0	0	0	0	0	0	0	0	0	0	0
75f99d4c12f3104ee652311c7e47a710	0	0	0	0	0	0	0	0	0	0	0	0	0	0	0	0	0	0	8	0	0	0	0	0	0	0	0	0	0	0	0	0	0	0	0	0	0	0	0	0	0	0	0	0	0	0	0
c104cc45e67b75cd5fab6dc07a15398a	0	27	0	28	55	13	0	0	0	42	0	0	29	23	0	28	0	39	0	0	0	0	0	0	0	25	0	0	34	0	0	0	46	0	0	0	16	0	0	0	0	0	0	12	0	39	0
de974a7ce77c2b88556c8b0e7c9f3749	0	0	0	0	0	0	0	0	0	0	0	0	0	0	0	0	0	0	0	0	0	0	0	3	0	0	0	0	0	0	0	0	0	0	0	0	0	0	0	0	0	0	0	0	0	0	0
31edf5c6b0afcdc71f46e5b055c27728	0	0	0	0	0	0	0	0	0	0	0	0	0	0	0	0	0	0	0	0	0	0	0	0	19	0	0	0	0	0	0	0	0	0	0	0	0	0	0	0	0	0	0	0	0	0	0
024b4bbf8e4e20f29f4c1fd90940ab01	0	0	0	0	0	0	0	0	0	0	0	0	0	0	0	0	0	0	0	0	0	0	0	0	0	0	0	0	4	0	0	0	0	0	0	0	0	0	0	0	0	0	0	0	0	0	0
97f625a118a5ec7a41da7b49c8bbbbb8	0	0	0	0	0	0	0	0	0	0	0	0	0	0	0	0	0	0	0	3	0	0	0	0	0	0	0	0	0	0	0	0	0	0	0	0	0	0	0	0	0	0	0	0	0	0	0
afb1d9690613a02a8e97fcaa05f0667b	0	0	0	0	0	0	0	0	0	0	0	0	5	0	2	0	0	0	0	0	0	0	0	0	0	0	0	0	0	4	0	0	0	4	0	0	0	0	0	0	0	0	0	0	0	0	0
334feb949bba92d67ce2d15e5517f30d	0	0	0	0	0	0	0	0	0	0	0	0	0	0	0	0	0	0	0	0	0	0	0	0	0	0	0	0	0	0	0	0	0	0	0	58	0	0	0	27	30	0	0	0	0	0	0
57db16e664baebddb183fde74511f4b4	0	0	0	0	0	0	0	0	0	0	0	0	0	3	0	0	0	0	12	0	0	0	0	0	0	0	0	0	0	0	0	0	0	0	0	0	0	0	0	0	7	0	0	0	0	0	0
5fe5ad754df53113115b98f927dc96da	0	0	0	0	0	0	4	0	0	0	0	0	0	0	0	0	0	0	0	0	0	0	0	0	0	0	0	0	0	0	0	0	0	0	0	0	0	0	0	0	0	0	0	0	0	0	0
32f388da40f6c441ebe186ebbc46b077	0	0	0	0	34	0	0	0	0	0	0	0	0	0	0	0	0	0	0	0	0	0	0	0	0	0	0	0	0	0	0	0	0	0	0	0	0	0	0	0	0	0	0	0	0	0	0
81fd1186bab0c728a25f03d941d25a7c	45	40	0	17	37	0	34	0	24	38	0	0	23	25	0	23	0	17	15	17	24	14	0	42	25	40	32	71	19	29	0	36	24	9	0	0	16	0	0	0	12	0	0	0	0	0	0
def79193235057732ae6500e9b654dea	0	16	0	0	0	14	0	0	0	19	0	0	6	21	0	0	0	8	6	9	19	0	0	36	8	16	0	32	13	20	0	0	0	0	4	0	0	0	0	0	26	10	20	0	0	7	5
f570e4881cddc4dab3a4f93ce853177b	0	0	0	0	0	0	0	0	0	0	0	0	0	0	0	0	0	0	0	0	0	0	0	0	0	0	0	0	0	0	0	0	0	4	0	0	0	0	0	0	0	0	0	0	0	0	0
695065ceceaa69659fc8ddee0e79c606	0	3	0	0	0	0	0	0	0	0	0	0	0	0	0	0	0	0	0	0	0	0	0	0	0	0	0	0	0	0	0	0	0	0	0	0	0	0	0	0	0	0	0	0	0	0	0
12611d7053edcefc1bd646ad2984f34e	0	0	0	0	0	0	0	0	0	0	0	0	0	0	0	0	0	0	0	0	0	0	0	0	0	0	1	0	0	0	0	0	0	0	0	0	0	0	0	0	0	0	0	0	0	0	0
8cf6a291e836183078c567d1d98656db	0	0	0	0	19	0	0	0	0	0	0	0	4	0	0	0	0	3	0	0	0	0	0	0	0	0	0	0	0	0	0	0	0	0	0	0	0	0	0	0	0	0	0	0	0	0	0
d19e0cec6a494c91b137e7b13ba18e20	0	0	0	0	0	0	0	0	0	0	0	0	0	0	5	0	0	0	0	0	0	0	0	0	0	0	0	0	0	0	0	0	0	0	0	0	0	0	0	0	0	0	0	0	0	0	0
897a4a480764a2cdc99403f0b8483f09	0	0	0	0	0	0	0	0	0	0	0	0	0	0	0	0	0	0	0	0	0	0	0	0	0	0	0	0	0	0	0	0	0	0	0	0	0	0	0	0	0	0	0	0	1	0	0
b06cd7463cde97538c8cf8602b50fcee	0	0	0	0	0	0	0	0	0	0	0	0	0	0	0	0	0	0	18	0	0	8	0	0	38	10	0	27	0	9	0	0	0	0	0	0	14	0	0	0	0	0	0	0	0	0	0
7ce7c1fa2ee17beefcdcd90c9f8a0812	0	0	0	0	0	0	0	0	0	0	0	0	0	0	0	0	0	0	0	0	0	0	0	0	0	0	7	0	0	0	0	0	0	0	0	0	0	0	0	0	0	0	0	0	0	0	0
84ec880b089f8c01d07c3eec6972164f	0	0	0	0	0	0	0	0	0	0	0	0	0	0	0	0	0	0	0	0	0	0	0	0	0	0	0	0	0	2	0	0	0	0	0	0	0	0	0	0	0	0	0	0	0	0	0
ca5508a51ce13327c29dff18ab245837	0	33	0	6	12	0	35	0	20	0	0	0	7	24	0	0	0	17	13	15	33	19	0	83	0	40	33	47	0	13	0	0	11	19	0	0	0	0	0	0	34	0	23	0	0	17	7
22ba3163c1363d64cbbeee6bff8c6517	0	0	0	0	0	0	0	0	0	19	0	0	0	0	0	0	0	0	0	0	37	0	0	0	19	0	0	0	0	0	0	13	0	0	0	0	0	0	0	0	0	0	0	0	0	0	0
2f52bfb075d038a1b72a4dd9d53a01e8	40	125	0	69	299	97	172	0	113	90	24	0	61	89	52	41	40	50	57	61	81	62	0	247	119	157	155	266	68	74	0	84	53	80	14	0	44	0	0	70	152	19	55	10	24	87	36
581b1132b8abd58cb24ee10964c1f3c4	0	0	0	0	0	0	0	0	0	0	0	0	0	0	0	0	0	0	0	0	0	0	0	0	0	0	0	0	0	0	0	0	0	0	0	0	0	0	0	0	0	1	0	0	0	0	0
2e51fa0db8d2cf6cabac348e5d568521	0	14	0	14	66	0	29	0	12	24	0	0	45	7	14	0	0	17	34	9	31	32	0	32	25	43	15	0	35	24	0	20	0	11	0	0	0	0	0	16	18	20	22	0	17	34	10
76045907460576b119ad93e257013f52	0	0	0	0	0	0	6	0	0	0	0	0	0	0	0	0	0	0	0	0	0	0	0	0	0	0	0	0	0	0	0	0	0	0	0	0	0	0	0	0	0	0	0	0	0	0	0
d234e278b1aaf2cd8526f185e95183f2	0	0	0	0	0	0	10	0	0	0	0	0	0	0	0	0	0	0	0	0	0	0	0	0	0	0	0	0	0	0	0	0	0	0	0	0	0	0	0	0	0	0	0	0	0	0	0
44ea179a743abc3296f57b565aaff792	0	0	0	0	0	0	0	0	0	0	0	0	0	0	0	0	0	0	0	0	0	0	0	0	0	0	0	0	0	7	0	0	0	0	0	0	0	0	0	0	0	0	0	0	0	0	0
1f4f6d9b0e21bfd0bcc6e48d1e3b490c	0	12	0	6	0	10	14	0	9	17	0	0	0	12	6	17	0	0	6	7	0	7	0	52	0	6	8	44	0	14	0	9	7	12	0	0	0	0	0	0	12	0	0	0	0	0	0
8ef5a2846ec99660a57ea4b8d27beffe	0	0	0	0	0	0	0	0	0	0	0	0	0	0	0	0	0	0	0	0	0	0	0	9	17	0	0	0	0	0	0	0	0	0	0	0	0	0	0	0	0	0	0	0	0	0	0
38383764af07e13703519f410ed7c93b	0	0	0	0	0	0	0	0	0	0	0	0	0	0	0	0	0	0	0	0	0	0	0	27	0	0	0	0	0	0	0	0	0	0	0	0	0	0	0	0	0	0	0	0	0	0	0
b4b21a303dba76311a6b53b091d199bf	0	0	0	0	0	0	0	0	0	0	0	0	0	0	0	0	0	0	0	0	0	9	0	1	0	0	1	0	0	0	0	0	0	0	0	0	0	0	0	0	0	0	1	0	0	0	0
41f4619cece513a53f38e9859d61c7fe	0	0	0	0	0	0	0	0	0	0	0	0	0	0	0	0	0	0	0	0	0	0	0	47	0	0	0	0	0	0	0	0	0	0	0	0	0	0	0	0	0	0	0	0	0	0	0
62f847f5f77994e9d9b25b61207d6e20	0	0	0	0	0	0	0	0	0	0	0	0	0	0	0	0	0	0	0	0	0	0	0	0	0	0	5	0	0	0	0	0	0	0	0	0	0	0	0	0	10	0	0	0	0	0	0
c11382dbe93c5cf9e98818644c10014b	77	178	0	75	230	130	204	0	126	151	17	0	67	68	37	0	19	36	70	77	50	63	0	307	90	123	124	205	46	171	0	84	39	88	28	21	61	0	0	29	73	0	30	0	0	0	0
e039dddce0c879a6973e83a959f27bf4	0	8	0	0	0	0	0	0	0	0	0	0	0	0	0	0	0	0	0	0	0	0	0	0	0	0	0	0	0	0	0	0	0	0	0	0	0	0	0	0	0	0	0	0	0	0	0
4d28ecfec489b193689019337eb60f95	0	25	0	0	14	13	0	0	0	12	0	0	0	29	13	0	0	19	0	14	35	25	0	56	19	48	52	46	18	44	0	41	0	0	0	0	15	0	0	19	49	17	25	20	0	37	17
4ea6aab0033ea21e8c2f20e99bb88687	0	18	0	0	0	7	14	0	6	0	0	0	0	0	0	0	0	0	0	0	0	0	0	0	0	0	0	0	0	0	0	0	6	2	0	0	0	0	0	0	0	0	0	0	0	0	0
0383243e27a3d43f11dff49c43889f1e	0	0	0	0	0	0	0	0	0	0	0	0	0	0	0	0	0	0	0	0	0	0	0	0	16	0	0	0	0	0	0	0	0	0	0	0	0	0	0	0	0	0	0	0	0	0	0
2ccb78be0460d8b60e31a60d0cbb1b99	0	20	0	17	28	23	34	0	24	46	0	0	0	27	0	31	15	16	22	0	30	15	0	149	20	69	57	51	22	0	0	30	0	0	0	0	0	0	0	23	70	25	23	12	15	79	20
aabb7d8e6a3022e7a7ce378f439e9e6a	0	0	0	0	0	0	0	0	0	0	0	0	0	0	0	0	0	7	0	0	0	0	0	0	0	0	0	0	0	0	0	0	0	0	0	0	0	0	0	0	0	0	0	0	0	0	0
aa445928404ab68113e3eea294d407fa	0	0	0	0	0	0	0	0	4	0	0	0	0	0	0	0	0	0	0	0	0	0	0	0	0	0	0	0	0	0	0	0	0	0	0	0	6	0	0	15	0	0	0	0	0	4	0
c9a2719cb85d231b334c300c1a0c3aa7	0	0	0	0	0	0	0	0	0	0	0	0	0	0	0	0	0	0	0	0	0	0	0	0	0	0	0	0	0	0	0	0	0	0	0	0	0	0	0	0	0	0	0	0	0	0	5
c4e9d99c4a81cc8f7049ce1e800f1675	0	0	0	0	0	0	7	0	0	0	0	0	0	0	0	0	0	0	0	0	0	0	0	0	0	0	0	0	0	0	0	0	0	0	0	0	0	0	0	0	0	0	0	0	0	0	0
21ffb0ec4d01881fff9ea85fc1b2635b	0	0	0	0	0	0	0	0	0	4	0	0	0	0	0	0	0	0	0	0	0	0	0	0	0	0	0	0	0	0	0	0	0	0	0	0	0	0	0	0	0	0	0	0	0	0	0
08cc1c9d9b540b2e7870067d2c238c46	0	0	0	0	9	0	0	0	0	0	0	0	0	0	0	0	0	0	0	0	0	0	0	0	0	0	0	0	0	0	0	0	0	0	0	0	0	0	0	0	0	0	0	0	0	0	0
5d52cc620435dd88ccf46a774f66f6ec	0	0	0	0	0	0	0	0	0	0	0	0	0	0	0	0	0	0	0	0	0	0	0	47	0	0	0	0	0	0	0	0	0	0	0	0	0	0	0	0	0	0	0	0	0	9	0
231b9d470a2ce8add7ebdad5a700e0c1	0	0	0	0	0	0	0	0	0	0	12	0	0	0	0	0	0	0	0	0	0	0	0	50	0	0	0	0	0	0	0	0	0	0	0	0	0	0	0	0	0	0	0	0	0	0	0
6860a1ce57b5e8c519d6cecc7d3231b5	0	0	0	12	10	0	0	0	0	0	0	0	0	0	0	0	0	0	0	0	0	0	0	0	0	0	0	0	0	0	0	0	0	0	0	0	0	0	0	0	0	0	0	0	0	0	0
16330287efcdca6580b8e853cfa6cec0	54	0	0	0	19	0	30	0	27	55	0	0	0	0	29	0	0	37	26	17	0	0	0	36	18	22	31	0	0	0	0	0	0	0	0	0	0	0	0	0	57	0	15	0	0	23	15
863c29cbde9e283358d0d42c792467d7	0	49	0	0	28	0	72	0	68	56	0	0	0	54	0	27	0	0	0	0	0	0	0	75	0	0	40	48	32	37	0	0	35	0	0	0	0	0	0	22	0	0	0	0	0	0	0
ca1b7ba0dec792d5bed49dc6334fd582	0	0	0	0	0	0	0	0	0	0	0	0	0	0	0	0	0	0	0	0	0	0	0	0	5	0	0	0	0	0	0	0	0	0	0	0	0	0	0	0	0	0	0	0	0	0	0
10e7690581b8837f76a6d8290fae4271	6	0	0	0	0	0	0	0	0	0	0	0	0	0	0	0	0	0	0	0	0	0	0	0	0	0	0	0	0	0	0	0	0	0	0	0	0	0	0	0	0	0	0	0	0	0	0
cac6ca900d7979ed2c6ed0aa1986c2dc	0	0	0	0	0	0	0	0	0	14	0	0	0	16	0	0	0	0	0	0	0	0	0	25	0	19	0	0	0	0	0	0	0	0	0	0	0	0	0	0	0	0	0	0	0	0	0
105dbd83c491c54b4e6a0032254083a9	0	0	0	0	17	0	0	0	0	0	0	0	0	0	0	0	0	0	0	0	0	0	0	0	0	0	0	0	0	0	0	0	0	0	0	0	0	0	0	0	0	0	0	0	0	0	0
768b61a77ad63089d00aa262730727a6	0	28	0	0	26	0	0	0	0	0	0	0	0	0	0	0	0	0	0	0	0	0	0	0	0	0	0	36	0	0	0	0	0	0	0	0	0	0	0	0	0	0	0	0	0	0	0
19fe433aa1fa79ef46443ea3e4c7c3dd	0	3	0	0	0	0	0	0	0	0	0	0	0	0	0	0	0	0	0	0	0	0	0	0	0	0	0	0	0	3	0	0	0	0	0	0	0	0	0	0	0	0	0	0	0	0	0
87c1269d7c360982b4004f0d998b5e3a	0	0	0	0	0	0	0	0	0	0	0	0	0	0	0	0	0	0	0	0	0	0	0	0	0	0	3	0	0	0	0	0	0	0	0	0	0	0	0	0	0	0	0	0	0	0	0
663774f2d17a06e054aafff96fbf5b21	0	0	0	0	0	0	0	0	0	7	0	0	0	0	0	0	0	0	0	0	0	0	0	0	0	0	0	0	0	0	0	0	0	0	0	0	0	0	0	0	0	0	0	0	0	0	0
a208156b96b71e80d63a9b62e9167ee4	0	0	0	0	0	0	0	0	0	0	0	0	0	0	0	0	0	0	0	0	0	0	6	0	0	0	0	0	0	0	0	0	0	0	0	0	0	0	0	0	0	0	0	0	0	0	0
65f4e7de92703f2e97047bebdfb3a77e	0	0	0	0	0	0	0	0	0	0	0	0	0	0	0	0	3	0	0	0	0	0	0	0	0	0	0	0	0	0	0	0	0	0	0	0	0	0	0	0	0	0	0	0	0	0	0
897386c06b9e1c214edfc784f9d0f0d9	0	0	0	0	15	0	0	0	0	0	0	0	12	0	0	0	0	0	0	0	0	0	0	0	0	0	0	0	0	0	0	0	0	0	0	0	0	0	0	0	0	0	0	0	0	0	0
ed7a353b9e4966c02c79f5ca13c84757	0	0	0	0	0	0	0	0	0	0	0	0	0	0	0	0	0	0	0	0	0	0	0	6	0	0	0	0	0	0	0	0	0	0	0	0	0	0	0	0	0	0	0	0	0	0	0
60a9ba2a598a543f66e7e8b5f54d9b76	0	0	0	0	0	0	0	0	0	0	0	0	0	0	0	0	0	0	0	0	0	0	0	0	0	0	0	0	0	0	0	0	0	0	0	0	11	0	0	0	0	0	0	0	0	0	0
4f251c664ad75cd51877a80437bd5b01	0	0	0	0	0	0	0	0	0	0	0	0	0	0	0	0	0	0	0	0	0	0	0	0	0	0	0	0	0	5	0	0	0	0	0	0	0	0	0	0	0	0	0	0	0	0	0
838ae2f319faa6f92b1aa0aa80e01f1c	0	0	0	0	0	0	0	0	3	0	0	0	0	0	0	0	0	0	0	0	0	0	0	0	0	0	0	0	0	0	0	0	0	0	0	0	0	0	0	0	0	0	0	0	0	0	0
2dc9d4840a2e4ecdd013907550fcccce	0	0	0	0	0	0	0	0	0	0	0	0	0	0	0	0	0	0	0	0	0	0	0	0	0	0	0	0	0	0	0	0	0	0	0	0	0	0	0	0	0	0	0	0	0	0	5
5f271ead828d92be4676a4400e667b95	0	0	0	0	0	0	0	0	0	0	0	0	0	0	0	0	0	0	0	0	0	0	0	4	0	0	0	0	0	0	0	0	0	0	0	0	0	0	0	0	0	0	0	0	0	0	0
7dc96f8c1652127402e2d154cb8aa449	0	0	0	0	27	0	6	0	0	0	0	0	0	0	0	0	0	0	0	0	0	0	0	0	0	0	0	0	0	0	0	0	0	0	0	0	0	0	0	0	0	0	0	0	0	0	0
32b1cfe06e250668faea2baddb1ff246	0	0	0	0	0	0	0	0	0	0	0	0	0	0	0	0	0	0	0	0	0	0	0	0	0	10	0	0	0	0	0	0	0	0	0	0	0	0	0	0	0	0	0	0	0	0	0
73d920a9ed3207c3befee0a83c9347ef	0	0	0	0	0	0	0	0	0	0	0	0	0	0	0	0	0	9	0	0	0	0	0	16	10	15	0	0	7	11	0	0	6	0	0	0	0	0	0	0	9	0	0	0	0	0	8
afde4563594fe2b8f777f48c5daa849c	0	0	0	0	0	0	0	0	14	16	0	0	0	0	14	12	0	9	0	0	0	14	0	0	0	32	0	33	4	26	0	0	9	24	0	0	11	0	0	0	18	0	0	0	0	11	0
50c803368dedf97fa6f7784265336c05	0	0	0	0	0	0	0	0	0	0	0	0	0	0	0	0	0	0	0	0	0	0	0	0	10	0	0	0	0	0	0	0	0	0	0	0	0	0	0	0	0	0	0	0	0	0	0
622eef2e10135d24db1b7c4be99f2989	0	14	0	10	44	0	21	0	0	0	0	0	0	0	0	0	0	0	0	0	0	0	0	24	24	10	20	49	0	22	0	0	0	0	0	0	0	0	0	0	9	0	0	0	0	0	0
fd2b6a150c27efd1f54f1e280c61d10a	0	0	0	0	0	0	0	0	0	0	0	0	0	0	0	0	0	0	0	0	0	0	0	0	0	0	3	0	0	0	0	0	0	0	0	0	0	0	0	0	0	0	0	0	0	0	0
f3e5c153f1c54fd1ded5f92dea9360a0	0	0	0	0	0	0	0	0	0	0	0	0	0	0	0	0	0	0	0	0	0	0	0	39	0	0	0	36	0	0	0	0	0	0	0	0	0	0	0	0	0	0	0	0	18	0	42
b1aa976f2fedaed2d53256790170e59e	0	0	0	0	0	0	2	0	0	0	0	0	0	0	0	0	0	0	0	0	0	0	0	0	0	0	0	0	0	0	0	0	0	0	0	0	0	0	0	0	0	0	0	0	0	0	0
52a285a66c12ffa0dd82a2e7a606a53a	0	0	0	0	0	0	0	0	0	0	0	0	0	0	0	0	0	0	0	0	0	0	0	0	0	0	0	0	0	0	0	15	0	0	0	0	0	0	0	0	0	0	0	0	0	0	0
bc794a8df80afbc3c469b5293b74c7f6	25	0	0	0	0	0	0	0	0	0	0	0	0	0	0	0	0	0	35	8	0	0	0	14	0	0	14	0	0	0	6	0	0	0	0	0	0	0	0	0	0	0	0	0	0	9	0
7bbe1a0956259533639b221611e31240	0	0	0	0	0	0	0	0	0	0	0	0	0	0	0	0	0	0	0	0	9	0	0	0	0	0	0	0	0	0	0	0	0	0	0	0	0	0	0	0	0	0	0	0	0	0	0
90c083f11a41f8e32c257c44e0968cfd	0	9	0	0	0	0	0	0	0	0	0	0	0	0	0	0	0	0	0	0	0	0	0	0	0	0	0	0	0	0	0	0	0	0	0	0	0	0	0	0	0	0	0	0	0	0	0
c8424708237db715749c9b4710b52be4	0	0	0	0	0	0	0	0	0	0	0	0	0	0	0	0	0	0	0	0	0	0	0	0	0	5	0	0	0	0	0	0	0	0	0	0	0	0	0	0	0	0	0	0	0	0	0
34723378ee044f8c0a63418b07b75f50	0	0	0	0	0	0	0	0	0	0	0	0	0	0	0	0	0	0	0	0	0	0	0	0	0	0	0	0	0	0	0	0	0	0	0	0	0	0	0	0	4	0	0	0	0	0	0
d7e0b7814b26db2dd9ef929d3e65a861	0	20	0	0	16	0	0	0	9	0	6	0	0	0	11	15	0	0	6	10	0	17	0	25	0	12	17	0	0	27	0	0	0	8	0	0	0	0	0	18	23	8	16	0	0	14	12
2fa4e2ae9f2d9a92931624ce2520cbe4	0	12	0	0	0	0	0	0	0	0	0	0	0	0	0	0	0	0	0	0	0	0	0	0	0	0	0	15	0	0	0	0	0	0	0	0	0	0	0	0	0	0	0	0	0	0	0
a23d4546959438c7d652b59019974925	0	42	0	0	9	33	0	0	0	1	0	0	0	0	0	0	0	0	0	0	0	0	0	22	0	0	0	17	0	0	0	0	0	0	0	0	0	0	0	0	0	0	0	0	0	0	0
913f6f439c2d0098110032dc82b5cc19	0	0	0	0	0	0	0	0	0	0	0	0	7	5	0	0	0	0	0	0	0	0	0	0	0	0	0	0	0	0	0	0	0	0	7	0	0	0	0	0	0	0	0	0	0	0	0
60d3036c561919f416b71674558a1791	0	0	0	0	0	0	0	0	0	0	0	0	0	0	0	0	0	0	0	0	0	0	0	0	0	0	0	0	0	0	0	0	0	0	0	0	0	0	0	0	0	0	0	2	0	0	0
c446bbac52b4ab523ce0856218cc3516	0	161	0	58	246	45	53	0	36	53	0	0	149	35	16	38	17	35	124	48	134	77	0	209	207	205	170	16	53	19	0	29	21	30	21	0	38	24	0	126	132	51	98	26	19	0	0
c9d4867eb0bd2c0bf458aa380fb7c165	0	0	0	0	0	12	0	0	0	0	0	0	0	0	0	0	0	14	0	0	0	0	0	11	0	0	33	0	9	17	0	25	0	0	7	0	0	0	0	0	13	0	0	0	0	0	0
9caf516521ba4e492c0b4bac479eaa22	0	0	0	0	0	0	0	0	0	0	0	0	0	0	0	0	0	0	0	0	0	0	0	0	0	0	0	0	0	0	0	0	0	0	0	0	0	0	0	0	0	0	0	0	0	6	0
16a85a98cbb3fff819c48592227b5a22	0	0	0	0	0	0	0	0	0	0	0	0	0	0	0	0	0	0	0	0	0	0	0	0	0	0	0	0	0	0	0	0	0	0	0	0	0	0	0	0	0	0	8	0	0	0	0
160fa873cf753f713e48d5aae8cd28ce	0	0	0	0	6	0	0	0	0	0	0	0	0	0	0	0	0	0	0	0	0	0	0	0	0	0	0	0	0	0	0	0	0	0	0	0	0	0	0	0	0	0	0	0	0	0	0
7065f0c2b7cbb129b4038692be657c60	0	0	0	0	0	0	0	0	4	0	0	0	0	0	0	0	0	0	0	0	0	0	0	0	0	0	0	0	0	0	0	0	0	0	0	0	0	0	0	0	0	0	0	0	0	0	0
981bdf1cde85c1d69fdcf622970a080e	0	4	0	0	0	0	0	0	0	8	0	0	0	0	0	0	0	0	0	0	0	0	0	0	0	0	0	0	0	0	0	0	0	0	0	0	0	0	0	0	0	0	0	0	0	0	0
42c5c316e81d734e96bd596e012acd4c	0	0	0	0	0	0	0	0	0	0	0	0	0	0	0	0	0	0	15	0	0	0	0	0	0	0	0	0	0	0	0	0	0	0	0	0	0	0	0	0	0	0	0	0	0	0	0
9e53ffab9324ded7b2c07aa22ec0de3d	0	0	0	1	0	0	0	0	0	0	0	0	0	0	0	0	0	0	0	0	0	0	0	0	0	0	0	0	0	0	0	0	0	0	0	0	0	0	0	0	0	0	0	0	0	0	0
65186d235ce2def552c7c5a15c5e0807	0	18	0	0	0	0	19	0	0	0	0	0	0	0	16	0	0	0	0	0	0	0	0	0	0	0	0	0	0	40	0	0	0	0	0	0	0	0	0	0	0	0	0	0	0	0	0
0a95a791a90c04a038f3d3e71ed2064b	0	0	0	0	0	0	0	0	0	0	0	0	0	0	0	0	0	0	0	0	21	0	0	0	0	0	0	0	0	0	0	0	0	0	0	0	0	0	0	0	0	0	0	0	0	0	0
6e12afae392dee9b9fe5ccd756b1fe80	0	0	0	0	0	0	0	0	0	0	0	0	0	0	0	0	0	2	0	0	0	0	0	0	0	0	0	0	0	0	0	0	0	0	0	0	0	0	0	0	0	0	0	0	0	0	0
be71706aa1b6d9b017a1da689af673d9	0	0	0	0	0	0	0	0	0	0	0	0	0	0	0	0	0	0	0	0	0	0	0	0	3	0	0	0	0	0	0	0	0	0	0	0	0	0	0	0	0	0	0	0	0	0	0
cdc06153766b6e547db4a3fdaf5caa3b	0	0	0	0	40	0	0	0	0	0	0	0	22	0	0	0	0	0	0	12	10	0	0	0	0	0	0	0	0	0	0	0	0	0	0	0	7	0	0	0	6	0	0	0	0	0	0
238baa14c01255662b85c56aaa6bb141	0	0	0	0	2	0	0	0	0	0	0	0	0	0	0	0	0	0	0	0	0	0	0	0	0	0	0	0	0	0	0	0	0	0	0	0	0	0	0	0	0	0	0	0	0	0	0
78d20d01fd62dfffa88c3aa08080f143	12	14	0	0	23	10	10	0	20	0	10	0	11	0	0	0	0	12	0	0	0	0	0	0	0	0	0	0	0	0	0	0	0	0	0	0	0	0	0	0	0	0	0	0	0	0	0
7dd2c9db3bd8a47774e6be8cf7a651e3	37	24	0	0	19	0	0	0	0	31	0	0	0	0	0	0	0	0	0	0	0	0	0	41	0	0	9	35	0	0	0	0	0	0	0	0	0	0	0	0	0	0	0	0	0	0	0
d484053ffdff95adeb77604aacfb5905	0	0	0	0	0	0	4	0	0	0	0	0	0	0	0	0	0	0	0	0	0	0	0	0	0	0	0	0	0	0	0	0	0	0	0	0	0	0	0	0	0	0	0	0	0	0	0
9f5a28dda95618b8549e1c11aea94f71	0	0	0	0	0	0	0	0	0	0	0	0	0	0	0	0	0	6	0	0	0	0	0	0	0	0	0	0	0	0	0	0	5	0	0	0	0	0	0	0	0	0	0	0	0	0	0
022fb8a30d296874d66e7689fb346f97	0	0	0	0	0	0	0	0	0	0	0	0	0	0	0	0	0	0	0	0	0	0	0	0	0	0	0	0	0	0	0	0	0	0	0	0	0	0	0	3	13	0	0	0	0	11	0
d6e017d931118bcf20daeddd0e91c576	0	0	0	0	0	0	0	0	0	0	0	0	0	0	0	0	0	0	0	0	0	0	0	10	0	0	0	0	0	0	0	0	0	0	0	0	0	0	0	0	0	0	0	0	0	0	0
480ad10b52e6cfda3c1ffbf71ead37b8	0	0	0	0	0	0	0	0	0	0	0	0	0	0	0	0	0	0	0	0	0	0	0	0	0	0	0	0	0	0	0	0	0	0	0	0	0	0	0	0	24	0	0	0	0	0	0
799f82ed7fdb17ead68cfb43b73b65e2	0	0	0	0	13	0	0	0	0	0	0	0	0	3	0	0	0	0	0	0	0	0	0	0	0	0	0	0	0	0	0	6	0	0	0	0	0	0	0	0	0	0	0	0	0	0	0
a59cd70fdbb2cf238e10492eef2cf3b4	0	0	0	0	0	0	0	0	0	0	0	0	0	0	0	0	0	0	0	0	0	0	0	0	0	0	0	0	0	0	0	0	0	0	0	0	0	0	0	0	0	3	0	0	0	0	0
7833fcf6c3dda5f65ab41cc437d8c8cb	0	0	0	0	0	0	0	0	0	0	0	0	0	0	0	0	0	0	0	0	0	0	0	0	0	0	0	4	0	0	0	0	0	0	0	0	0	0	0	0	0	0	0	0	0	0	0
bb5866169be088202f2c83d0eafba57e	0	0	0	0	8	0	0	0	0	0	0	0	0	0	0	0	0	0	0	0	0	0	0	0	0	0	0	0	0	0	0	0	0	0	0	0	0	0	0	0	0	0	0	0	0	0	0
82f19c0efe505cf7bd7b3e936fdd939f	0	0	0	0	0	0	0	0	0	0	0	0	0	0	0	0	0	0	0	0	0	0	0	0	0	0	0	0	0	0	0	0	0	0	0	0	0	0	0	0	4	0	0	0	0	0	0
49018a311282baa6017d62917eba0f03	0	0	0	0	0	0	0	0	0	0	0	0	0	0	0	0	0	0	0	0	32	0	0	0	0	0	0	0	0	0	0	0	0	0	0	0	0	0	0	0	0	0	0	0	0	0	0
baf50209abf7b979d218a8f0389d1392	0	0	0	0	0	0	0	0	0	0	0	0	0	0	0	0	0	0	0	0	0	0	0	0	0	0	0	0	0	0	0	0	0	0	0	0	0	0	0	0	6	0	0	0	0	0	0
3899d7ebf5489bb799850fce877dc45e	0	0	0	0	0	0	0	0	0	0	0	0	0	0	0	0	0	0	0	0	0	0	0	0	4	0	0	0	0	0	0	0	0	0	0	0	0	0	0	0	0	0	0	0	0	0	0
5ea0bd641ceadefd86169e853c45afd5	0	0	0	0	0	0	0	0	0	0	0	0	0	0	0	0	0	0	0	0	0	0	0	0	0	0	0	0	0	0	0	0	0	0	0	0	0	0	0	0	11	0	0	0	0	0	0
1dfe8e911e76f80b00b69162da826f84	0	0	0	0	0	0	0	0	0	0	0	0	0	0	0	0	0	0	0	8	0	0	0	0	0	0	0	0	0	0	0	0	0	0	0	0	0	0	0	0	0	0	0	0	0	0	0
3bb79976f62ec4bea87f32d2cf0e14f4	0	47	0	20	0	36	62	0	21	19	10	0	16	0	0	0	0	33	39	16	15	17	0	88	35	0	15	31	28	39	0	0	0	36	0	0	0	0	0	12	16	0	0	0	0	0	0