#OTU ID	taxonomy	16S-stag	F059	F067	F075	F076	F080	F095	F096	F100	F104	F105	F106	F107	F109	F111	F135	F141	F143	F145	F60	F69	F78	F87	unknown
e4d72f573464fee5207b4cb3be5fa08d	Kingdom.Eukaryota; Supergroup.Archaeplastida; Phylum.Chlorophyta; Class.Mamiellophyceae; Subclass.Mamiellophyceae_X; Order.Mamiellales; Suborder.Mamiellales_X; Family.Mamiellaceae; Genus.Mamiellaceae_X; Species.Mamiellaceae_X	1.0	0.0	0.0	0.0	0.0	0.0	0.0	0.0	0.0	0.0	0.0	0.0	0.0	0.0	0.0	0.0	0.0	0.0	0.0	0.0	0.0	0.0	0.0	0.0
dffdf9532a1ee86e525509fe5b9c5bda	Kingdom.Eukaryota; Supergroup.Stramenopiles; Phylum.Stramenopiles_X; Class.Stramenopiles_XX; Subclass.Stramenopiles_XXX; Order.Stramenopiles_XXXX; Suborder.Stramenopiles_XXXXX; Family.Stramenopiles_XXXXXX; Genus.Stramenopile_Unknown; Species.Stramenopile	0.0	0.028293316028552888	0.021616684426853404	0.039677975848188614	0.03398268398268398	0.02376599634369287	0.01934984520123839	0.012455997833739508	0.0	0.03436426116838488	0.04834960483496048	0.034482758620689655	0.03190268533394538	0.03103520099979171	0.022695367337388864	0.004643540016388965	0.004684317718940937	0.0	0.01079913606911447	0.01900674432863274	0.03365723137586255	0.003808670325977372	0.02129239910869027	0.6666666666666666
bf3cf6f18fcf7175fd70616ca9c9d1fc	Kingdom.Eukaryota; Supergroup.Archaeplastida; Phylum.Chlorophyta; Class.Prasinophyceae; Subclass.Prasinophyceae_X; Order.Prasino-clade-9; Suborder.Prasino-clade-9_X; Family.Prasino-clade-9_XX; Genus.Prasino-clade-9_XXX; Species.Prasino-clade-9_XXX	0.0	0.019597663854639843	0.005480286192723398	0.016101207590569294	0.017965367965367966	0.031992687385740404	0.011222910216718266	0.010560519902518278	0.02270690170301763	0.007137192704203013	0.099953509995351	0.022030651340996167	0.008951113151250861	0.01583003540928973	0.007955077211043519	0.019120458891013385	0.0034623217922606924	0.025714285714285714	0.03023758099352052	0.005518087063151441	0.0136600478805802	0.002352414024868377	0.018816538747214655	0.3333333333333333
69f200867598d2a84a368ccc2a32c290	Kingdom.Eukaryota; Supergroup.Stramenopiles; Phylum.Ochrophyta; Class.Dictyochophyceae; Subclass.Dictyochophyceae_X	0.0	0.0227125243348475	0.04011265032729487	0.0488786658999425	0.04199134199134199	0.04722730042656916	0.0348297213622291	0.03438938532358516	0.030773827308037047	0.0317208564631245	0.020455602045560205	0.022988505747126436	0.06908423226991049	0.05207248489897938	0.04936827328029948	0.060912319038514066	0.07474541751527494	0.06142857142857143	0.10367170626349892	0.02534232577151032	0.03492465849880298	0.06317911952503641	0.03144342659074028	0.0
18100a59c7c5e99d864f5058168e81ef	Kingdom.Eukaryota; Supergroup.Hacrobia; Phylum.Haptophyta; Class.Prymnesiophyceae; Subclass.Prymnesiophyceae_X; Order.Prymnesiophyceae_XX; Suborder.Prymnesiophyceae_XXX; Family.Braarudosphaeraceae; Genus.Braarudosphaeraceae_X; Species.Braarudosphaeraceae_X	0.0	0.045165476963011035	0.027477546049627037	0.034310906651332185	0.03636363636363636	0.02376599634369287	0.04218266253869969	0.034930950446791224	0.03794442784583209	0.04705260375363468	0.02185030218503022	0.04559386973180077	0.03075510672481065	0.04603207665069777	0.03766963032288254	0.04425020486205954	0.06313645621181263	0.06428571428571428	0.08855291576673865	0.029429797670141016	0.044500774538797354	0.019155371345356782	0.03490963109680614	0.0
dd4f77cf004b652cd0249d3cca86060c	Kingdom.Eukaryota; Supergroup.Hacrobia; Phylum.Haptophyta; Class.Prymnesiophyceae; Subclass.Prymnesiophycidae_X; Order.Prymnesiales; Suborder.Prymnesiales_X; Family.Chrysochromulinaceae; Genus.Chrysochromulinaceae_X; Species.Chrysochromulinaceae_X	0.0	0.028682673588578844	0.015070787029989343	0.02817711328349626	0.03874458874458874	0.030469226081657527	0.030959752321981424	0.023287300297860816	0.03525545264415895	0.022997620935765267	0.03672710367271037	0.022988505747126436	0.03649299977048428	0.021453863778379503	0.0313523631258774	0.036055722480196666	0.036863543788187375	0.08428571428571428	0.04535637149028078	0.021765787860208462	0.01689902830587241	0.018371233337067323	0.028224808120821985	0.0
c22060612201ebae3067d1c04daedf96	Kingdom.Eukaryota; Supergroup.Hacrobia; Phylum.Haptophyta; Class.Prymnesiophyceae; Subclass.Prymnesiophycidae_X; Order.Phaeocystales; Suborder.Phaeocystales_X; Family.Phaeocystaceae; Genus.Phaeocystaceae_X; Species.Phaeocystaceae_X	0.0	0.014146658014276444	0.014005175825848683	0.025876940770557792	0.019913419913419914	0.011882998171846435	0.016640866873065017	0.020579474681830492	0.03346280250971019	0.011102299762093577	0.0	0.010727969348659003	0.017213679137020887	0.014372005832118308	0.0156761815629387	0.0071018847309478285	0.016904276985743382	0.07142857142857142	0.0	0.01072961373390558	0.024644416279397268	0.016466898174078638	0.006932409012131715	0.0
2f52bfb075d038a1b72a4dd9d53a01e8	Kingdom.Eukaryota; Supergroup.Stramenopiles; Phylum.Ochrophyta; Class.Dictyochophyceae; Subclass.Dictyochophyceae_X; Order.Dictyochophyceae_XX; Suborder.Dictyochophyceae_XXX; Family.Dictyochophyceae_XXXX; Genus.Dictyochophyceae_XXXXX; Species.Dictyochophyceae_XXXXX	0.0	0.02426995457495133	0.03767696757497336	0.04312823461759632	0.044805194805194806	0.038391224862888484	0.037925696594427245	0.038451123747630656	0.033761577532118316	0.032778218345228656	0.009762900976290097	0.03295019157088123	0.03603396832683039	0.032909810456154966	0.044922788956481045	0.027314941272876262	0.026272912423625255	0.03428571428571429	0.07127429805615551	0.029123237277743717	0.031685678073510776	0.049848773384115606	0.0428323842535281	0.0
c446bbac52b4ab523ce0856218cc3516	Kingdom.Eukaryota; Supergroup.Stramenopiles; Phylum.Stramenopiles_X; Class.Stramenopiles_XX; Subclass.Stramenopiles_XXX; Order.Stramenopiles_XXXX; Suborder.Stramenopiles_XXXXX; Family.Stramenopiles_XXXXXX; Genus.Stramenopile_Unknown; Species.Stramenopile	0.0	0.02608695652173913	0.02755366113563708	0.045620088173279665	0.03961038961038961	0.019195612431444242	0.00890092879256966	0.009477389656106146	0.0	0.038329368226275445	0.0706648070664807	0.028544061302681993	0.025246729400963966	0.02791085190585295	0.024567150210575574	0.0	0.004073319755600814	0.02857142857142857	0.0	0.03269977518904558	0.050556259681734966	0.002352414024868377	0.009903441445902451	0.0
f3f605a3ada5c432cd5304d869631932	Kingdom.Eukaryota; Supergroup.Stramenopiles; Phylum.Ochrophyta; Class.Chrysophyceae; Subclass.Chrysophyceae_X; Order.Chrysophyceae_XX; Suborder.Chrysophyceae_XXX; Family.Chrysophyceae_XXXX; Genus.Chrysophyceae_XXXXX; Species.Chrysophyceae_XXXXX	0.0	0.039065541855937705	0.041939412391536	0.03852788959171938	0.03484848484848485	0.03717245581962218	0.04489164086687306	0.05686433793663688	0.048102778607708396	0.061855670103092786	0.05718270571827057	0.05574712643678161	0.05301813174202433	0.0654030410331181	0.061534861956013105	0.023217700081944823	0.02484725050916497	0.07	0.03023758099352052	0.03055385244226446	0.03492465849880298	0.05040887196146522	0.047288932904184205	0.0
d0e407de71afefa813f98b61b8d4c7a3	Kingdom.Eukaryota; Supergroup.Hacrobia; Phylum.Haptophyta; Class.Prymnesiophyceae	0.0	0.012199870214146659	0.02329121631907444	0.021084914701935978	0.01341991341991342	0.024984765386959172	0.007352941176470588	0.021121039805036556	0.0	0.036214644462067146	0.0	0.019731800766283523	0.027082855175579526	0.02520308269110602	0.024801123069723912	0.02594919420923245	0.014460285132382893	0.0	0.06263498920086392	0.01859799713876967	0.018307280664695114	0.018707292483477092	0.02129239910869027	0.0
33710095af4d10c80e36a6e6cb82bae3	Kingdom.Eukaryota; Supergroup.Stramenopiles; Phylum.Ochrophyta; Class.Pelagophyceae; Subclass.Pelagophyceae_X; Order.Pelagomonadales; Suborder.Pelagomonadales_X; Family.Pelagomonadaceae; Genus.Pelagomonas; Species.Pelagomonas	0.0	0.02855288773523686	0.023824021921144772	0.0272187080697719	0.027056277056277056	0.019804996953077393	0.02631578947368421	0.025724343352288112	0.019121601434120106	0.02352630187681734	0.03579730357973036	0.020114942528735632	0.03282074822125316	0.02416163299312643	0.018951801591015442	0.03933351543294182	0.03747454175152749	0.04428571428571428	0.06047516198704104	0.021561414265276926	0.045486551189973246	0.01904335162988686	0.008170339192869523	0.0
2e30145a698eb25a0c0dfa9705c0ab32	Kingdom.Eukaryota; Supergroup.Stramenopiles; Phylum.Ochrophyta; Class.Chrysophyceae; Subclass.Chrysophyceae_X; Order.Chrysophyceae_XX; Suborder.Chrysophyceae_XXX; Family.Chrysophyceae_XXXX; Genus.Chrysophyceae_XXXXX; Species.Chrysophyceae_XXXXX	0.0	0.016482803374432187	0.014690211599939109	0.013034310906651332	0.01471861471861472	0.010054844606946984	0.03560371517027864	0.017600866504197128	0.021810576635793246	0.007665873645255088	0.03905160390516039	0.016283524904214558	0.015377553362405325	0.01749635492605707	0.008656995788488536	0.0057361376673040155	0.010997963340122199	0.018571428571428572	0.05183585313174946	0.012466789290823626	0.01197014504999296	0.014786602442029798	0.018321366674919536	0.0
fded98ccfdde40db41798ea04ea405ec	Kingdom.Eukaryota; Supergroup.Hacrobia; Phylum.Haptophyta; Class.Prymnesiophyceae	0.0	0.009085009733939001	0.012026183589587456	0.015334483419589803	0.011688311688311689	0.012797074954296161	0.013544891640866873	0.011914432710533442	0.014639976097998207	0.01823949246629659	0.014876801487680148	0.013793103448275862	0.019508836355290337	0.010622786919391794	0.012868507253158634	0.020213056541928436	0.019959266802443993	0.0	0.04535637149028078	0.00991211935417944	0.010280242219405718	0.014674582726559875	0.01138895766278782	0.0
16330287efcdca6580b8e853cfa6cec0	Kingdom.Eukaryota; Supergroup.Hacrobia; Phylum.Haptophyta; Class.Prymnesiophyceae; Subclass.Prymnesiophycidae_X; Order.Prymnesiales; Suborder.Prymnesiales_X	0.0	0.005970149253731343	0.003653524128482265	0.0055587502396013035	0.0	0.0	0.0	0.0	0.0089632506722438	0.0	0.0	0.0	0.0071149873766353	0.0043740887315142675	0.0	0.007375034143676591	0.006720977596741344	0.0	0.04535637149028078	0.009401185366850603	0.004365582312350373	0.001120197154699227	0.0	0.0
895894bc05912da190f2f7571314d2fc	Kingdom.Eukaryota; Supergroup.Archaeplastida; Phylum.Chlorophyta; Class.Prasinophyceae; Subclass.Prasinophyceae_X; Order.Pseudoscourfieldiales-clade-6; Suborder.Pseudoscourfieldiales_X; Family.Pycnococcaceae; Genus.Prasinoderma_clade-6; Species.Prasinoderma	0.0	0.0	0.0006850357740904248	0.0007667241709794901	0.0	0.008226691042047532	0.003869969040247678	0.0016246953696181965	0.011652225873916941	0.0	0.04509530450953045	0.006704980842911878	0.0	0.0012497396375755051	0.0	0.0	0.0014256619144602852	0.0	0.0	0.00715307582260372	0.0	0.0	0.007922753156721961	0.0
c11382dbe93c5cf9e98818644c10014b	Kingdom.Eukaryota; Supergroup.Stramenopiles; Phylum.Ochrophyta; Class.Dictyochophyceae; Subclass.Dictyochophyceae_X; Order.Dictyochophyceae_XX; Suborder.Dictyochophyceae_XXX; Family.Dictyochophyceae_XXXX; Genus.Dictyochophyceae_XXXXX; Species.Dictyochophyceae_XXXXX	0.0	0.028812459441920832	0.04140660678946567	0.027793751198006516	0.023376623376623377	0.02315661182205972	0.030959752321981424	0.03330625507717303	0.030773827308037047	0.01506740681998414	0.016736401673640166	0.007088122605363984	0.011475786091347258	0.012705686315350968	0.023865231633130556	0.00409724119093144	0.0	0.0	0.0	0.04240752094829348	0.02506689198704408	0.033829954071916656	0.028719980193117108	0.0
5d9c8af2f6a20888621ccca9ee9d21c8	Kingdom.Eukaryota; Supergroup.Hacrobia; Phylum.Haptophyta; Class.Prymnesiophyceae; Subclass.Prymnesiophycidae_X; Order.Prymnesiales; Suborder.Prymnesiales_X; Family.Chrysochromulinaceae; Genus.Chrysochromulinaceae_X; Species.Chrysochromulinaceae_X	0.0	0.010123296560674887	0.024737402953265337	0.010925819436457734	0.01406926406926407	0.010359536867763558	0.0228328173374613	0.020308692120227456	0.02420077681505826	0.0	0.0	0.0028735632183908046	0.009639660316731696	0.010414496979795875	0.01333645297145531	0.03714832013111172	0.04154786150712831	0.03	0.032397408207343416	0.015634580012262415	0.015068300239402902	0.01321832642545088	0.008170339192869523	0.0
551f7384f32c2e507cbfc3c27bb78b15	Kingdom.Eukaryota; Supergroup.Stramenopiles; Phylum.Ochrophyta; Class.Chrysophyceae-Synurophyceae; Subclass.Chrysophyceae-Synurophyceae_X; Order.Chrysophyceae-Synurophyceae_XX; Suborder.Chrysophyceae-Synurophyceae_XXX; Family.Chrysophyceae-Synurophyceae_XXXX; Genus.Chrysophyceae-Synurophyceae_XXXXX; Species.Chrysophyceae-Synurophyceae_XXXXX	0.0	0.0	0.0	0.0	0.0	0.0	0.0	0.0	0.005975500448162534	0.0	0.0	0.0	0.0	0.0	0.0	0.0	0.0	0.0	0.038876889848812095	0.0	0.0	0.0	0.0	0.0
96c9c1559e6506cd4fd7ad4168f56a3e	Kingdom.Eukaryota; Supergroup.Hacrobia; Phylum.Haptophyta; Class.Prymnesiophyceae; Subclass.Prymnesiophycidae_X; Order.Prymnesiales; Suborder.Prymnesiales_X	0.0	0.0	0.0	0.0	0.0	0.0	0.0	0.0	0.0	0.0	0.0	0.0	0.0	0.0	0.0	0.0	0.0	0.03857142857142857	0.032397408207343416	0.0	0.0	0.0	0.0	0.0
e9472d24d1b1038f9bdafa571a47782a	Kingdom.Eukaryota; Supergroup.Stramenopiles; Phylum.Ochrophyta; Class.Chrysophyceae-Synurophyceae; Subclass.Chrysophyceae-Synurophyceae_X; Order.Chrysophyceae-Synurophyceae_XX; Suborder.Chrysophyceae-Synurophyceae_XXX; Family.Chrysophyceae-Synurophyceae_XXXX; Genus.Chrysophyceae-Synurophyceae_XXXXX; Species.Chrysophyceae-Synurophyceae_XXXXX	0.0	0.01842959117456197	0.012482874105647739	0.02204331991566034	0.01948051948051948	0.015234613040828763	0.02128482972136223	0.032223124830760896	0.03615177771138333	0.030399154110494316	0.0	0.02528735632183908	0.02364011934817535	0.025411372630701937	0.020121665886757137	0.0	0.012627291242362525	0.0	0.0	0.023605150214592276	0.0	0.023076061386804077	0.03763307749442931	0.0
f8d401306c777c013444dca0f62785ba	Kingdom.Eukaryota; Supergroup.Stramenopiles; Phylum.Ochrophyta; Class.Pelagophyceae; Subclass.Pelagophyceae_X; Order.Sarcinochrysidales; Suborder.SarcinochrysidaleX; Family.Sarcinochrysidaceae; Genus.Sarcinochrysidaceae_X; Species.Sarcinochrysidaceae_X	0.0	0.012199870214146659	0.010503881869386512	0.013801035077630822	0.016233766233766232	0.015234613040828763	0.02321981424148607	0.021391822366639588	0.014938751120406334	0.036214644462067146	0.0	0.014942528735632184	0.010557723204039476	0.01583003540928973	0.010294805802526907	0.0	0.0	0.0	0.0	0.01870018393623544	0.0	0.015010641872969643	0.013122059915820748	0.0
f75f2f42742aebaa42d9d7a3716cfb06	Kingdom.Eukaryota; Supergroup.Hacrobia; Phylum.Haptophyta; Class.Prymnesiophyceae; Subclass.Prymnesiophycidae_X; Order.Phaeocystales; Suborder.Phaeocystales_X; Family.Phaeocystaceae; Genus.Phaeocystaceae_X; Species.Phaeocystaceae_X	0.0	0.013108371187540558	0.012406759019637692	0.018593061146252636	0.01904761904761905	0.014929920780012188	0.01780185758513932	0.018142431627403196	0.010158350761876307	0.008194554586307164	0.0	0.01685823754789272	0.021574477851732842	0.03415955009373047	0.023865231633130556	0.006009287080032778	0.0	0.0	0.0	0.027488248518291437	0.015490775947049711	0.017923154475187632	0.007922753156721961	0.0
75549981911a6cb5fe1cdf04b9f25a59	Kingdom.Eukaryota; Supergroup.Stramenopiles; Phylum.Ochrophyta; Class.Chrysophyceae-Synurophyceae; Subclass.Chrysophyceae-Synurophyceae_X; Order.Chrysophyceae-Synurophyceae_XX; Suborder.Chrysophyceae-Synurophyceae_XXX; Family.Chrysophyceae-Synurophyceae_XXXX; Genus.Chrysophyceae-Synurophyceae_XXXXX; Species.Chrysophyceae-Synurophyceae_XXXXX	0.0	0.0163530175210902	0.008601004719135332	0.023576768257619323	0.02727272727272727	0.027726995734308348	0.027089783281733747	0.021121039805036556	0.015536301165222588	0.03409992069785884	0.02185030218503022	0.022222222222222223	0.019967867798944227	0.02791085190585295	0.022227421619092184	0.017208413001912046	0.019348268839103868	0.03	0.0	0.022787655834866135	0.01323757217293339	0.02397221911056346	0.02475860361475613	0.0
2a7fc66495a199799c4d2c08ed747f3c	Kingdom.Eukaryota; Supergroup.Stramenopiles; Phylum.Ochrophyta	0.0	0.03348475016223232	0.017202009438270664	0.021468276787425723	0.024025974025974027	0.031078610603290677	0.026702786377708978	0.02626590847549418	0.013146100985957573	0.02802008987575998	0.0	0.018773946360153258	0.02272205646086757	0.02582795250989377	0.014974262985493684	0.01666211417645452	0.011608961303462322	0.0	0.0	0.01185366850602902	0.021546261089987327	0.02733281057466114	0.02352067343401832	0.0
fec340993a739ee01f6eb267e367ea53	Kingdom.Eukaryota; Supergroup.Hacrobia; Phylum.Haptophyta; Class.Prymnesiophyceae	0.0	0.007008436080467229	0.006926472826914294	0.006900517538815411	0.0	0.0	0.0	0.0	0.018225276366895728	0.010044937879989427	0.032543003254300325	0.0	0.0	0.0	0.0	0.0	0.006517311608961304	0.0	0.0	0.00674432863274065	0.0	0.005040887196146522	0.0	0.0
ce5ba377cd38b65c835ddc35c0b63462	Kingdom.Eukaryota; Supergroup.Stramenopiles; Phylum.Stramenopiles_X; Class.Stramenopiles_XX; Subclass.Stramenopiles_XXX; Order.Stramenopiles_XXXX; Suborder.Stramenopiles_XXXXX; Family.Stramenopiles_XXXXXX; Genus.Stramenopile_Unknown; Species.Stramenopile	0.0	0.01609344581440623	0.013396255137768306	0.02434349242859881	0.02813852813852814	0.008531383302864107	0.013157894736842105	0.009206607094503114	0.0	0.02035421623050489	0.03114830311483031	0.02432950191570881	0.012623364700481983	0.011872526556967298	0.008890968647636874	0.0	0.0	0.0	0.0	0.00674432863274065	0.009294465568229826	0.0	0.021787571180985392	0.0
092d28903d86898bdbbf2a294e70ba2a	Kingdom.Eukaryota; Supergroup.Hacrobia; Phylum.Haptophyta; Class.Prymnesiophyceae; Subclass.Prymnesiophycidae_X; Order.Prymnesiales; Suborder.Prymnesiales_X; Family.Chrysochromulinaceae; Genus.Chrysochromulinaceae_X; Species.Chrysochromulinaceae_X	0.0	0.003244646333549643	0.003196833612421982	0.0	0.004112554112554113	0.002742230347349177	0.0003869969040247678	0.005957216355266721	0.00358530026889752	0.007401533174729051	0.0	0.006513409961685823	0.004819830158365848	0.002082899395959175	0.003275620028076743	0.003004643540016389	0.008146639511201629	0.0	0.03023758099352052	0.00357653791130186	0.0002816504717645402	0.004480788618796908	0.0014855162168853676	0.0
2ccb78be0460d8b60e31a60d0cbb1b99	Kingdom.Eukaryota; Supergroup.Stramenopiles; Phylum.Ochrophyta; Class.Dictyochophyceae; Subclass.Dictyochophyceae_X; Order.Dictyochophyceae_XX; Suborder.Dictyochophyceae_XXX; Family.Dictyochophyceae_XXXX; Genus.Dictyochophyceae_XXXXX; Species.Dictyochophyceae_XXXXX	0.0	0.0057105775470473715	0.01948546201857208	0.018018018018018018	0.014285714285714285	0.006093845216331505	0.0	0.008123476848090982	0.0	0.004758128469468675	0.0	0.01532567049808429	0.017443194858847832	0.012913976254946885	0.014974262985493684	0.01447691887462442	0.02240325865580448	0.017142857142857144	0.03023758099352052	0.008174943797261395	0.0052105337276439935	0.00705724207460513	0.010646199554345134	0.0
fc376042bb9fe91f81fb2c995bbd99de	Kingdom.Eukaryota; Supergroup.Hacrobia; Phylum.Haptophyta; Class.Prymnesiophyceae; Subclass.Prymnesiophycidae_X; Order.Prymnesiales; Suborder.Prymnesiales_X; Family.Chrysochromulinaceae; Genus.Chrysochromulinaceae_X; Species.Chrysochromulinaceae_X	0.0	0.003763789746917586	0.010123306439336276	0.0	0.005844155844155844	0.004875076173065204	0.011222910216718266	0.012455997833739508	0.010457125784284434	0.007137192704203013	0.0	0.005555555555555556	0.005967408767500574	0.006248698187877526	0.008890968647636874	0.00518983884184649	0.01120162932790224	0.03	0.017278617710583154	0.0023502963417126508	0.01746232924940149	0.012210148986221575	0.0032186184699182965	0.0
1e5a800989f68d49fffc4805ce128ace	Kingdom.Eukaryota; Supergroup.Stramenopiles; Phylum.Ochrophyta; Class.Pelagophyceae; Subclass.Pelagophyceae_X; Order.Sarcinochrysidales; Suborder.SarcinochrysidaleX; Family.Sarcinochrysidaceae; Genus.Sarcinochrysidaceae_X; Species.Sarcinochrysidaceae_X	0.0	0.012848799480856586	0.021768914598873496	0.0097757331799885	0.013636363636363636	0.014320536258379037	0.012770897832817337	0.015163823449769834	0.028981177173588286	0.0	0.02696420269642027	0.0	0.007803534542116135	0.0	0.009826860084230228	0.0057361376673040155	0.011608961303462322	0.0	0.0	0.0134886572654813	0.01351922264469793	0.013442365856390725	0.011884129735082941	0.0
ca56351858bdcd0c38258e3faf1b7177	Kingdom.Eukaryota; Supergroup.Hacrobia; Phylum.Haptophyta; Class.Prymnesiophyceae; Subclass.Prymnesiophycidae_X; Order.Prymnesiales; Suborder.Prymnesiales_X	0.0	0.0	0.0	0.0	0.0	0.0	0.0	0.0	0.0	0.0	0.0	0.0	0.0	0.0	0.0	0.0	0.0	0.02857142857142857	0.0	0.0	0.0	0.0	0.0	0.0
a348709984885976a91d437463db599d	Kingdom.Eukaryota; Supergroup.Stramenopiles; Phylum.Ochrophyta; Class.Chrysophyceae; Subclass.Chrysophyceae_X; Order.Chrysophyceae_XX; Suborder.Chrysophyceae_XXX; Family.Chrysophyceae_XXXX; Genus.Chrysophyceae_XXXXX; Species.Chrysophyceae_XXXXX	0.0	0.021284879948085658	0.017430354696300807	0.020893233659191105	0.023376623376623377	0.015539305301645339	0.0	0.018142431627403196	0.0	0.027491408934707903	0.0	0.027586206896551724	0.017902226302501722	0.017912934805248908	0.024567150210575574	0.02376399890740235	0.011608961303462322	0.0	0.0	0.02462701818924995	0.015349950711167442	0.022067883947574772	0.0230255013617232	0.0
a78abf60a6edcc0dd6eb8861c03e20f5	Kingdom.Eukaryota; Supergroup.Stramenopiles; Phylum.Ochrophyta; Class.Dictyochophyceae; Subclass.Dictyochophyceae_X; Order.Florenciellales; Suborder.Florenciellales_X; Family.Florenciellales_XX; Genus.Florenciellales_XXX; Species.Florenciellales_XXX	0.0	0.007657365347177158	0.007078702998934388	0.009009009009009009	0.0	0.011273613650213284	0.0	0.013268345518548606	0.011951000896325068	0.0	0.0041841004184100415	0.0	0.0	0.0	0.0	0.012018574160065555	0.0	0.0	0.02591792656587473	0.0037809115062333947	0.007041261794113505	0.010417833538702811	0.008665511265164644	0.0
1c7407c2784f0d8a8ba8f3d247994c0c	Kingdom.Eukaryota; Supergroup.Archaeplastida; Phylum.Chlorophyta; Class.Mamiellophyceae; Subclass.Mamiellophyceae_X; Order.Mamiellales; Suborder.Mamiellales_X; Family.Mamiellaceae	0.0	0.009085009733939001	0.012939564621708022	0.012459267778416714	0.007575757575757576	0.007007921998781231	0.010061919504643963	0.004332520985648524	0.011951000896325068	0.010309278350515464	0.012552301255230125	0.008045977011494253	0.022492540739040626	0.021453863778379503	0.020355638745905475	0.025676044796503688	0.020162932790224034	0.025714285714285714	0.019438444924406047	0.01583895360719395	0.005914659907055344	0.006497143497255517	0.012131715771230503	0.0
dfc51f5a400d1496b0add9e7131262d6	Kingdom.Eukaryota; Supergroup.Stramenopiles; Phylum.Ochrophyta; Class.Chrysophyceae-Synurophyceae; Subclass.Chrysophyceae-Synurophyceae_X; Order.Chrysophyceae-Synurophyceae_XX; Suborder.Chrysophyceae-Synurophyceae_XXX; Family.Chrysophyceae-Synurophyceae_XXXX; Genus.Chrysophyceae-Synurophyceae_XXXXX; Species.Chrysophyceae-Synurophyceae_XXXXX	0.0	0.013497728747566514	0.008296544375095144	0.013417672992141078	0.012554112554112554	0.0	0.0	0.0	0.0	0.007930214115781126	0.0	0.01053639846743295	0.020656414964425062	0.0166631951676734	0.016378100140383715	0.01638896476372576	0.024032586558044806	0.0	0.0	0.015225832822399346	0.009153640332347557	0.010529853254172734	0.009903441445902451	0.0
c104cc45e67b75cd5fab6dc07a15398a	Kingdom.Eukaryota; Supergroup.Stramenopiles; Phylum.Ochrophyta; Class.Bacillariophyta; Subclass.Bacillariophyceae	0.0	0.0	0.0	0.0055587502396013035	0.0	0.02376599634369287	0.017027863777089782	0.010018954779312212	0.00717060053779504	0.0	0.020455602045560205	0.011685823754789272	0.0	0.0	0.0	0.0	0.006313645621181262	0.0	0.0	0.0	0.0	0.0	0.0	0.0
0cc5840e701a10e400f35c9e4026737a	Kingdom.Eukaryota; Supergroup.Stramenopiles; Phylum.Ochrophyta; Class.Pelagophyceae; Subclass.Pelagophyceae_X; Order.Sarcinochrysidales; Suborder.SarcinochrysidaleX; Family.Sarcinochrysidaceae; Genus.Sarcinochrysidaceae_X; Species.Sarcinochrysidaceae_X	0.0	0.0027255029201817002	0.00433855990257269	0.004600345025876941	0.004112554112554113	0.0	0.0	0.0	0.005676725425754407	0.0	0.0	0.0032567049808429117	0.0	0.006873568006665278	0.0	0.0062824364927615405	0.004887983706720978	0.0	0.023758099352051837	0.0015328019619865114	0.0035206308970567525	0.001904335162988686	0.0	0.0
1028cf35563851eab62fac5b2b741f9c	Kingdom.Eukaryota; Supergroup.Stramenopiles; Phylum.Ochrophyta; Class.Chrysophyceae-Synurophyceae; Subclass.Chrysophyceae-Synurophyceae_X; Order.Chrysophyceae-Synurophyceae_XX; Suborder.Chrysophyceae-Synurophyceae_XXX; Family.Chrysophyceae-Synurophyceae_XXXX; Genus.Chrysophyceae-Synurophyceae_XXXXX; Species.Chrysophyceae-Synurophyceae_XXXXX	0.0	0.0054510058403634005	0.004186329730552596	0.012267586735671842	0.009307359307359308	0.0	0.0	0.0	0.0	0.0	0.0	0.019731800766283523	0.0	0.007706727765048948	0.0070191857744501636	0.0	0.0	0.022857142857142857	0.0	0.0	0.015068300239402902	0.015234681303909488	0.0	0.0
9e578cf19459e1c11c08b971b56e4c8c	Kingdom.Eukaryota; Supergroup.Hacrobia; Phylum.Haptophyta; Class.Prymnesiophyceae; Subclass.Prymnesiophycidae_X	0.0	0.001946787800129786	0.0017506469782310853	0.0	0.0	0.0	0.0	0.0	0.0	0.0	0.0	0.0	0.004819830158365848	0.0	0.0	0.0	0.0036659877800407333	0.022857142857142857	0.0	0.0	0.0	0.0	0.0032186184699182965	0.0
073abdd717f115b90d2a773ba9aab49a	Kingdom.Eukaryota; Supergroup.Hacrobia; Phylum.Haptophyta; Class.Prymnesiophyceae; Subclass.Prymnesiophycidae_X; Order.Prymnesiales; Suborder.Prymnesiales_X	0.0	0.0	0.0031207185264119346	0.0	0.0	0.016453382084095063	0.017027863777089782	0.008665041971297048	0.0	0.01295268305577584	0.014411901441190145	0.0	0.013082396144135873	0.011247656738179545	0.0039775386055217596	0.02212510243102977	0.015478615071283095	0.0	0.0	0.0	0.008590339388818476	0.003472611179567604	0.011141371626640258	0.0
4d28ecfec489b193689019337eb60f95	Kingdom.Eukaryota; Supergroup.Stramenopiles; Phylum.Ochrophyta; Class.Ochrophyta_X; Subclass.Ochrophyta_XX; Order.Ochrophyta_XXX; Suborder.Ochrophyta_XXXX; Family.Ochrophyta_XXXXX; Genus.Ochrophyta_XXXXXX; Species.Ochrophyta_XXXXXX	0.0	0.004931862426995458	0.005708631450753539	0.010159095265478243	0.013636363636363636	0.008226691042047532	0.00696594427244582	0.0	0.0	0.014538725878932065	0.0	0.01053639846743295	0.008262565985770026	0.007706727765048948	0.012400561534861956	0.011472275334608031	0.01384928716904277	0.02142857142857143	0.0	0.00592683425301451	0.005914659907055344	0.00537694634255629	0.01559792027729636	0.0
2e51fa0db8d2cf6cabac348e5d568521	Kingdom.Eukaryota; Supergroup.Hacrobia; Phylum.Haptophyta; Class.Prymnesiophyceae; Subclass.Prymnesiophyceae_X; Order.Isochrysidales; Suborder.Isochrysidales_X; Family.Noelaerhabdaceae; Genus.Emiliania; Species.Emiliania	0.0	0.0118105126541207	0.003653524128482265	0.013225991949396205	0.00367965367965368	0.015234613040828763	0.003869969040247678	0.0029786081776333605	0.0	0.007137192704203013	0.00790330079033008	0.018199233716475097	0.0036722515492311225	0.007915017704644865	0.003275620028076743	0.018027861240098333	0.014867617107942974	0.02142857142857143	0.0	0.00797057020232986	0.007322912265878045	0.002576453455808222	0.0059420648675414705	0.0
9322e2a316dc758f6141b297c4f2aab1	Kingdom.Eukaryota; Supergroup.Hacrobia; Phylum.Haptophyta; Class.Prymnesiophyceae; Subclass.Prymnesiophycidae_X; Order.Prymnesiales; Suborder.Prymnesiales_X	0.0	0.0035042180402336145	0.005175825848683209	0.0	0.004978354978354979	0.011273613650213284	0.008513931888544891	0.01272678039534254	0.009262025694651926	0.021147237642083004	0.016271501627150162	0.0	0.0	0.0	0.0	0.0	0.0	0.0	0.0	0.007357449417535254	0.0052105337276439935	0.007169261790075053	0.0	0.0
312536949958e13c26834038b5e92a2a	Kingdom.Eukaryota; Supergroup.Hacrobia; Phylum.Haptophyta; Class.Prymnesiophyceae; Subclass.Prymnesiophycidae_X; Order.Prymnesiales; Suborder.Prymnesiales_X; Family.Chrysochromulinaceae; Genus.Chrysochromulinaceae_X; Species.Chrysochromulinaceae_X	0.0	0.009863724853990915	0.0030446034404018876	0.007667241709794902	0.006493506493506494	0.006093845216331505	0.010835913312693499	0.01380991064175467	0.00268897520167314	0.011895321173671689	0.010692701069270108	0.0053639846743295016	0.005737893045673629	0.007706727765048948	0.010294805802526907	0.00518983884184649	0.0036659877800407333	0.0	0.0	0.0009196811771919068	0.0040839318405858326	0.005152906911616444	0.021044813072542707	0.0
863c29cbde9e283358d0d42c792467d7	Kingdom.Eukaryota; Supergroup.Hacrobia; Phylum.Haptophyta; Class.Prymnesiophyceae	0.0	0.006489292667099286	0.006850357740904247	0.008050603795284647	0.008874458874458875	0.014320536258379037	0.020123839009287926	0.005957216355266721	0.01703017627726322	0.0084588950568332	0.010227801022780102	0.008620689655172414	0.0	0.0	0.0	0.0	0.003869653767820774	0.0	0.0	0.008481504189658696	0.0052105337276439935	0.008849557522123894	0.0	0.0
39ef3425696039b317bfeb008bddbcea	Kingdom.Eukaryota; Supergroup.Hacrobia; Phylum.Haptophyta; Class.Prymnesiophyceae; Subclass.Prymnesiophycidae_X; Order.Prymnesiales; Suborder.Prymnesiales_X	0.0	0.0	0.0	0.0	0.0	0.0	0.0	0.0	0.0	0.0	0.0	0.0	0.0	0.0	0.0	0.0	0.0	0.02	0.0	0.0	0.0	0.0	0.0	0.0
cf8fbae565e89e02600214e1e706b2a1	Kingdom.Eukaryota; Supergroup.Stramenopiles; Phylum.Ochrophyta; Class.Chrysophyceae; Subclass.Chrysophyceae_X; Order.Chrysophyceae_XX; Suborder.Chrysophyceae_XXX; Family.Chrysophyceae_XXXX; Genus.Chrysophyceae_XXXXX; Species.Chrysophyceae_XXXXX	0.0	0.005840363400389357	0.008448774547115238	0.0040253018976423235	0.0	0.014015843997562462	0.01934984520123839	0.012997562956945572	0.013146100985957573	0.004493787998942638	0.008833100883310088	0.0	0.0	0.0	0.0	0.0	0.0	0.0	0.0	0.0030656039239730227	0.009294465568229826	0.009409656099473508	0.010893785590492696	0.0
3bb79976f62ec4bea87f32d2cf0e14f4	Kingdom.Eukaryota; Supergroup.Hacrobia; Phylum.Haptophyta; Class.Prymnesiophyceae; Subclass.Prymnesiophycidae_X; Order.Prymnesiales; Suborder.Prymnesiales_X; Family.Chrysochromulinaceae; Genus.Chrysochromulinaceae_X; Species.Chrysochromulinaceae_X	0.0	0.0	0.005099710762673162	0.0	0.0	0.007617306520414382	0.008126934984520124	0.005415651232060655	0.0	0.006608511763150938	0.018596001859600187	0.0	0.004131282992885013	0.0024994792751510102	0.004445484323818437	0.0057361376673040155	0.0034623217922606924	0.0	0.0	0.0	0.009153640332347557	0.004256749187857063	0.005199306759098787	0.0
898849b247cc4f8cee76f39db6c9b2bb	Kingdom.Eukaryota; Supergroup.Stramenopiles; Phylum.Ochrophyta; Class.Dictyochophyceae; Subclass.Dictyochophyceae_X	0.0	0.008436080467229072	0.00974273100928604	0.0	0.008658008658008658	0.0	0.009674922600619196	0.0	0.0	0.0	0.0	0.005555555555555556	0.0	0.014580295771714226	0.0	0.005462988254575253	0.0	0.018571428571428572	0.0	0.0	0.0018307280664695113	0.009409656099473508	0.0	0.0
4703f765f0b3a593b297ff41e83b5459	Kingdom.Eukaryota; Supergroup.Stramenopiles; Phylum.Ochrophyta; Class.Bacillariophyta; Subclass.Bacillariophyceae	0.0	0.007527579493835172	0.0025117978383315575	0.003833620854897451	0.007575757575757576	0.01157830591102986	0.007739938080495356	0.006227998916869754	0.003884075291305647	0.010573618821041502	0.008368200836820083	0.008620689655172414	0.006885471654808354	0.00416579879191835	0.007955077211043519	0.009013930620049166	0.010590631364562118	0.015714285714285715	0.0	0.017780502759043533	0.004647232784114913	0.005713005488966058	0.010646199554345134	0.0
ef0c896e79a5a071a74130ea08f9af21	Kingdom.Eukaryota; Supergroup.Hacrobia; Phylum.Haptophyta; Class.Prymnesiophyceae; Subclass.Prymnesiophycidae_X; Order.Phaeocystales; Suborder.Phaeocystales_X; Family.Phaeocystaceae; Genus.Phaeocystaceae_X; Species.Phaeocystaceae_X	0.0	0.006229720960415314	0.006698127568884153	0.005942112325091048	0.008658008658008658	0.0	0.0	0.0	0.0	0.005815490351572826	0.0	0.0	0.008951113151250861	0.01770464486565299	0.011464670098268601	0.00928708003277793	0.007739307535641548	0.0	0.0	0.0054159002656856735	0.006196310378819884	0.004816847765206677	0.006189650903689032	0.0
63265cf0ca39a06a67f27055adad9903	Kingdom.Eukaryota; Supergroup.Stramenopiles; Phylum.Ochrophyta; Class.Chrysophyceae-Synurophyceae; Subclass.Chrysophyceae-Synurophyceae_X; Order.Chrysophyceae-Synurophyceae_XX; Suborder.Chrysophyceae-Synurophyceae_XXX; Family.Chrysophyceae-Synurophyceae_XXXX; Genus.Chrysophyceae-Synurophyceae_XXXXX; Species.Chrysophyceae-Synurophyceae_XXXXX	0.0	0.015704088254380272	0.010960572385446796	0.010734138393712862	0.015584415584415584	0.007007921998781231	0.009674922600619196	0.01272678039534254	0.00627427547057066	0.011366640232619614	0.017666201766620176	0.008812260536398468	0.011246270369520313	0.008748177463028535	0.01754796443612541	0.011472275334608031	0.008146639511201629	0.0	0.0	0.006948702227672185	0.0063371356147021544	0.015570740450319255	0.007922753156721961	0.0
2883248ffdf65c5665e7ea6fd26b9a04	Kingdom.Eukaryota; Supergroup.Stramenopiles; Phylum.Ochrophyta; Class.Bacillariophyta; Subclass.Bacillariophyceae	0.0	0.007268007787151201	0.0037296392144923122	0.0	0.00909090909090909	0.0	0.0	0.0	0.0	0.0	0.0	0.013218390804597701	0.011475786091347258	0.009581337221412205	0.01754796443612541	0.013111171810980607	0.008961303462321792	0.0	0.0	0.00633558144287758	0.003098155189409942	0.012210148986221575	0.0	0.0
4ca8aff6c9ccd50b55fd19566bd3306c	Kingdom.Eukaryota; Supergroup.Hacrobia; Phylum.Haptophyta; Class.Prymnesiophyceae; Subclass.Prymnesiophycidae_X; Order.Prymnesiales; Suborder.Prymnesiales_X	0.0	0.0011680726800778714	0.0005328056020703304	0.0	0.0	0.0	0.0	0.0	0.0	0.0	0.0	0.0	0.0	0.0	0.0	0.0	0.001629327902240326	0.0	0.017278617710583154	0.0027590435315757206	0.0	0.0	0.0	0.0
fca0b47896397785e5a71b4d271a86b2	Kingdom.Eukaryota; Supergroup.Hacrobia; Phylum.Haptophyta; Class.Prymnesiophyceae	0.0	0.005191434133679429	0.003653524128482265	0.004216982940387195	0.005627705627705628	0.01157830591102986	0.0	0.01083130246412131	0.01254855094114132	0.0	0.0	0.005555555555555556	0.0036722515492311225	0.005207248489897938	0.003743565746373421	0.005462988254575253	0.008553971486761711	0.0	0.017278617710583154	0.008174943797261395	0.007041261794113505	0.0033605914640976813	0.015350334241148799	0.0
0247de9693b865c522abf75a09046962	Kingdom.Eukaryota; Supergroup.Stramenopiles; Phylum.Ochrophyta; Class.Pelagophyceae; Subclass.Pelagophyceae_X; Order.Sarcinochrysidales; Suborder.SarcinochrysidaleX; Family.Sarcinochrysidaceae; Genus.Sarcinochrysidaceae_X; Species.Sarcinochrysidaceae_X	0.0	0.0	0.0	0.0	0.0	0.0	0.0	0.0	0.0	0.0	0.0	0.0	0.0	0.0	0.0	0.0	0.0	0.0	0.017278617710583154	0.0	0.0	0.0014562563011089951	0.0	0.0
67ff7f5ec60ea169ed84bcf04cf50452	Kingdom.Eukaryota; Supergroup.Archaeplastida; Phylum.Chlorophyta; Class.Prasinophyceae; Subclass.Prasinophyceae_X; Order.Prasino-clade-9; Suborder.Prasino-clade-9_X; Family.Prasino-clade-9_XX; Genus.Prasino-clade-9_XXX; Species.Prasino-clade-9_XXX	0.0	0.0009085009733939001	0.0008372659461105192	0.0	0.003463203463203463	0.0	0.0042569659442724455	0.0	0.011054675829100687	0.003436426116838488	0.017201301720130173	0.0013409961685823754	0.0	0.0	0.0	0.0013657470636438131	0.001629327902240326	0.0	0.0	0.003678724708767627	0.0	0.001120197154699227	0.0	0.0
a1cced769460bf09c11a9b67554c5d70	Kingdom.Eukaryota; Supergroup.Hacrobia; Phylum.Haptophyta; Class.Prymnesiophyceae	0.0	0.0035042180402336145	0.005404171106713351	0.004216982940387195	0.010606060606060607	0.0	0.0	0.00785269428648795	0.005975500448162534	0.0	0.0	0.004980842911877395	0.0	0.0	0.004445484323818437	0.0	0.012016293279022403	0.0	0.0	0.0023502963417126508	0.017039853541754683	0.0031365520331578358	0.012874473879673186	0.0
0949b7b20789bbe8d034d8780cc7da17	Kingdom.Eukaryota; Supergroup.Stramenopiles; Phylum.Ochrophyta; Class.Chrysophyceae-Synurophyceae; Subclass.Chrysophyceae-Synurophyceae_X; Order.Chrysophyceae-Synurophyceae_XX; Suborder.Chrysophyceae-Synurophyceae_XXX; Family.Chrysophyceae-Synurophyceae_XXXX; Genus.Chrysophyceae-Synurophyceae_XXXXX; Species.Chrysophyceae-Synurophyceae_XXXXX	0.0	0.0	0.0	0.0	0.0	0.0	0.0	0.0	0.016731401254855095	0.0	0.0	0.0	0.0	0.0	0.0	0.0	0.0	0.0	0.0	0.004291845493562232	0.0	0.0	0.0	0.0
8b40bdbe137ad77e520931ecabd81f4a	Kingdom.Eukaryota; Supergroup.Hacrobia; Phylum.Haptophyta; Class.Prymnesiophyceae; Subclass.Prymnesiophycidae_X; Order.Prymnesiales; Suborder.Prymnesiales_X	0.0	0.0050616482803374436	0.0026640280103516515	0.003641939812152578	0.003896103896103896	0.007921998781230956	0.015479876160990712	0.009206607094503114	0.0	0.003965107057890563	0.0	0.0	0.0	0.0	0.006317267197005147	0.0	0.0	0.0	0.0	0.009401185366850603	0.0	0.004704828049736754	0.016340678385739046	0.0
21af357e23202565367695ee0e5e84bc	Kingdom.Eukaryota; Supergroup.Archaeplastida; Phylum.Chlorophyta; Class.Prasinophyceae; Subclass.Prasinophyceae_X; Order.Prasino-clade-9; Suborder.Prasino-clade-9_X; Family.Prasino-clade-9_XX; Genus.Prasino-clade-9_XXX; Species.Prasino-clade-9_XXX	0.0	0.0	0.0	0.0	0.0	0.0	0.0	0.0	0.0	0.0	0.016271501627150162	0.0	0.0	0.0	0.0	0.0	0.0	0.0	0.0	0.0	0.0	0.0	0.0	0.0
95d4d37c7afdfd24a01ed15ec546c9a2	Kingdom.Eukaryota; Supergroup.Hacrobia; Phylum.Haptophyta; Class.Prymnesiophyceae; Subclass.Prymnesiophycidae_X	0.0	0.0	0.006241437052823869	0.0	0.0	0.0	0.0	0.0	0.0	0.0	0.0	0.0	0.0	0.0	0.0	0.0	0.0	0.0	0.0	0.015736766809728183	0.0008449514152936206	0.004704828049736754	0.0	0.0
87bf5edeee763f425d331e8111e176bc	Kingdom.Eukaryota; Supergroup.Archaeplastida; Phylum.Chlorophyta; Class.Mamiellophyceae; Subclass.Mamiellophyceae_X; Order.Mamiellales; Suborder.Mamiellales_X; Family.Bathycoccaceae	0.0	0.0	0.0	0.0	0.0	0.0	0.0	0.0	0.0	0.0	0.0	0.0	0.0	0.0	0.0	0.0	0.0	0.015714285714285715	0.0	0.0	0.0	0.0	0.0	0.0
02598367c3084826db395f6a326aa50f	Kingdom.Eukaryota; Supergroup.Hacrobia; Phylum.Haptophyta; Class.Prymnesiophyceae; Subclass.Prymnesiophycidae_X; Order.Prymnesiales; Suborder.Prymnesiales_X	0.0	0.005840363400389357	0.0029684883543918406	0.0030668966839179604	0.003246753246753247	0.003960999390615478	0.0011609907120743034	0.0157053885729759	0.005676725425754407	0.006344171292624901	0.008368200836820083	0.004597701149425287	0.00757401882028919	0.006248698187877526	0.00772110435189518	0.0076481835564053535	0.0050916496945010185	0.0	0.0	0.004598405885959534	0.010421067455287987	0.005488966058026213	0.006437236939836593	0.0
c9d4867eb0bd2c0bf458aa380fb7c165	Kingdom.Eukaryota; Supergroup.Stramenopiles; Phylum.Ochrophyta; Class.Bacillariophyta; Subclass.Bacillariophyta_X; Order.Bacillariophyta_XX; Suborder.Bacillariophyta_XXX; Family.Bacillariophyta_XXXX; Genus.Bacillariophyta_XXXXX; Species.Bacillariophyta_XXXXX	0.0	0.0	0.0009133810321205663	0.0	0.008225108225108226	0.004570383912248629	0.0	0.0	0.0	0.0	0.0	0.0	0.0020656414964425065	0.0037492189127265154	0.0	0.0	0.0	0.0	0.0	0.0	0.0	0.0	0.01559792027729636	0.0
fbd510e5899ec86fb5f356e49117b469	Kingdom.Eukaryota; Supergroup.Hacrobia; Phylum.Haptophyta; Class.Prymnesiophyceae; Subclass.Prymnesiophycidae_X; Order.Prymnesiales; Suborder.Prymnesiales_X	0.0	0.004412719013627515	7.611508601004719e-05	0.003833620854897451	0.0015151515151515152	0.002437538086532602	0.0042569659442724455	0.004061738424045491	0.0023902001792650133	0.004493787998942638	0.0	0.0	0.005737893045673629	0.007706727765048948	0.0018717828731867104	0.010925976509150505	0.003869653767820774	0.0	0.01511879049676026	0.0010218679746576743	0.0001408252358822701	0.0020163548784586085	0.0	0.0
0993a0f1776e5398bddac766eae5ad03	Kingdom.Eukaryota; Supergroup.Stramenopiles; Phylum.Ochrophyta; Class.Bacillariophyta	0.0	0.0	0.0	0.0	0.0	0.0	0.0	0.0	0.0	0.0	0.0	0.0	0.0	0.0	0.0	0.0	0.0	0.0	0.01511879049676026	0.0	0.0	0.0	0.0	0.0
5525a3c79ebe39514610fdd018bbb4b5	Kingdom.Eukaryota; Supergroup.Stramenopiles; Phylum.Ochrophyta; Class.Chrysophyceae; Subclass.Chrysophyceae_X; Order.Chrysophyceae_XX; Suborder.Chrysophyceae_XXX; Family.Chrysophyceae_XXXX; Genus.Chrysophyceae_XXXXX; Species.Chrysophyceae_XXXXX	0.0	0.007008436080467229	0.0	0.007667241709794902	0.0	0.0	0.0	0.0	0.0	0.0	0.0	0.0	0.009410144594904751	0.0	0.0	0.014750068287353183	0.011812627291242363	0.0	0.0	0.0	0.0	0.0	0.0	0.0
a7d74597bd6d7aa03db0a034322cfb6d	Kingdom.Eukaryota; Supergroup.Hacrobia; Phylum.Haptophyta; Class.Prymnesiophyceae; Subclass.Prymnesiophycidae_X; Order.Prymnesiales; Suborder.Prymnesiales_X; Family.Chrysochromulinaceae; Genus.Chrysochromulinaceae_X; Species.Chrysochromulinaceae_X	0.0	0.003763789746917586	0.005480286192723398	0.0	0.0	0.00578915295551493	0.0	0.009206607094503114	0.005975500448162534	0.014538725878932065	0.0	0.0053639846743295016	0.005967408767500574	0.006873568006665278	0.0	0.0	0.0050916496945010185	0.0	0.0	0.007357449417535254	0.007886213209407127	0.006945222359135208	0.004456548650656103	0.0
3d6a6109f529278ba326cf085b440c87	Kingdom.Eukaryota; Supergroup.Stramenopiles; Phylum.Ochrophyta; Class.Bacillariophyta; Subclass.Bacillariophyceae	0.0	0.0022063595068137574	0.0	0.0	0.0	0.014320536258379037	0.0	0.004603303547251557	0.0	0.0	0.00790330079033008	0.005555555555555556	0.0025246729400963965	0.0016663195167673402	0.0	0.0035509423654739142	0.002443991853360489	0.0	0.0	0.0	0.0	0.0	0.0	0.0
81fd1186bab0c728a25f03d941d25a7c	Kingdom.Eukaryota; Supergroup.Stramenopiles; Phylum.Ochrophyta; Class.Pelagophyceae; Subclass.Pelagophyceae_X; Order.Sarcinochrysidales; Suborder.SarcinochrysidaleX; Family.Sarcinochrysidaceae; Genus.Sarcinochrysidaceae_X; Species.Sarcinochrysidaceae_X	0.0	0.0053212199870214145	0.00730704825696453	0.009584052137243627	0.00670995670995671	0.006703229737964655	0.01431888544891641	0.007311129163281885	0.013743651030773827	0.0023790642347343376	0.0	0.005555555555555556	0.0025246729400963965	0.0027077692147469278	0.003275620028076743	0.002185195301830101	0.0	0.0	0.0	0.008072756999795627	0.0076045627376425855	0.011762070124341883	0.014112404060410992	0.0
9c60c2a40678fd7cb58184d31e31d5c5	Kingdom.Eukaryota; Supergroup.Stramenopiles; Phylum.Ochrophyta; Class.Chrysophyceae-Synurophyceae; Subclass.Chrysophyceae-Synurophyceae_X; Order.Chrysophyceae-Synurophyceae_XX; Suborder.Chrysophyceae-Synurophyceae_XXX; Family.Chrysophyceae-Synurophyceae_XXXX; Genus.Chrysophyceae-Synurophyceae_XXXXX; Species.Chrysophyceae-Synurophyceae_XXXXX	0.0	0.0	0.0	0.00019168104274487253	0.0	0.0	0.009674922600619196	0.0	0.0	0.0	0.0	0.0	0.0	0.0	0.0	0.0	0.0	0.014285714285714285	0.0	0.0	0.0	0.0	0.0	0.0
17afad767dd3bcec1099b58331bb0fdb	Kingdom.Eukaryota; Supergroup.Stramenopiles; Phylum.Ochrophyta; Class.Pelagophyceae; Subclass.Pelagophyceae_X; Order.Sarcinochrysidales; Suborder.SarcinochrysidaleX; Family.Sarcinochrysidaceae; Genus.Sarcinochrysidaceae_X; Species.Sarcinochrysidaceae_X	0.0	0.0	0.0	0.0	0.0	0.0	0.0	0.0	0.0	0.0	0.0	0.0	0.005049345880192793	0.0	0.0	0.0	0.0	0.014285714285714285	0.0	0.0	0.0	0.0	0.0	0.0
12175589e3f00eb43e568d9bb1434667	Kingdom.Eukaryota; Supergroup.Hacrobia; Phylum.Haptophyta; Class.Prymnesiophyceae; Subclass.Prymnesiophycidae_X; Order.Prymnesiales; Suborder.Prymnesiales_X	0.0	0.0	0.005556401278733445	0.01360935403488595	0.0	0.0	0.0	0.0	0.0	0.010837959291567539	0.0	0.0	0.007344503098462245	0.007290147885857113	0.00959288722508189	0.012291723572794318	0.0054989816700610995	0.0	0.0	0.009809932556713672	0.0	0.005937044919905903	0.01386481802426343	0.0
34bbff1ee596a2d6d67f9191a66e53e3	Kingdom.Eukaryota; Supergroup.Hacrobia; Phylum.Haptophyta; Class.Prymnesiophyceae	0.0	0.0	0.004262444816562643	0.008050603795284647	0.013852813852813853	0.0	0.009674922600619196	0.00785269428648795	0.007768150582611294	0.0	0.0	0.0	0.0	0.005623828369089773	0.00584932147870847	0.0	0.0	0.0	0.0	0.003678724708767627	0.012392620757639769	0.004928867480676599	0.005199306759098787	0.0
52a285a66c12ffa0dd82a2e7a606a53a	Kingdom.Eukaryota; Supergroup.Hacrobia; Phylum.Haptophyta; Class.Prymnesiophyceae; Subclass.Prymnesiophycidae_X; Order.Prymnesiales; Suborder.Prymnesiales_X; Family.Chrysochromulinaceae; Genus.Chrysochromulinaceae_X; Species.Chrysochromulinaceae_X	0.0	0.0	0.0	0.0	0.0	0.0	0.0	0.0	0.007768150582611294	0.013481363996827915	0.0	0.0	0.0	0.0	0.0	0.0	0.0	0.0	0.0	0.0	0.0	0.0	0.0	0.0
fdbdf1491826f0498920bb6b090e5b37	Kingdom.Eukaryota; Supergroup.Archaeplastida; Phylum.Chlorophyta; Class.Prasinophyceae; Subclass.Prasinophyceae_X; Order.Prasino-clade-9; Suborder.Prasino-clade-9_X; Family.Prasino-clade-9_XX; Genus.Prasino-clade-9_XXX; Species.Prasino-clade-9_XXX	0.0	0.002465931213497729	0.001217841376160755	0.005175388154111558	0.0	0.007617306520414382	0.006578947368421052	0.004603303547251557	0.013146100985957573	0.005286809410520751	0.011622501162250116	0.0053639846743295016	0.003213220105577232	0.0	0.0	0.0	0.0010183299389002036	0.0	0.0	0.004394032291027999	0.0	0.0013442365856390726	0.0	0.0
c5c1993cb7c8f4826f38c18c45d029a5	Kingdom.Eukaryota; Supergroup.Hacrobia; Phylum.Haptophyta; Class.Prymnesiophyceae; Subclass.Prymnesiophycidae_X; Order.Prymnesiales; Suborder.Prymnesiales_X	0.0	0.0053212199870214145	0.002740143096361699	0.0	0.004761904761904762	0.0	0.0042569659442724455	0.0	0.0	0.0037007665873645254	0.01301720130172013	0.0	0.0	0.0	0.0	0.007921332969134116	0.0	0.0	0.0	0.003372164316370325	0.0	0.0	0.00569447883139391	0.0
22ba3163c1363d64cbbeee6bff8c6517	Kingdom.Eukaryota; Supergroup.Stramenopiles; Phylum.Ochrophyta; Class.Dictyochophyceae; Subclass.Dictyochophyceae_X; Order.Dictyochophyceae_XX; Suborder.Dictyochophyceae_XXX; Family.Dictyochophyceae_XXXX; Genus.Dictyochophyceae_XXXXX; Species.Dictyochophyceae_XXXXX	0.0	0.0	0.0	0.0	0.0	0.0	0.007352941176470588	0.0	0.0	0.0	0.0	0.0	0.0	0.0	0.0	0.0	0.0	0.0	0.0	0.0	0.004365582312350373	0.0024644337403382996	0.012874473879673186	0.0
3e5e81fe5207a9501bd548cb4ec432b0	Kingdom.Eukaryota; Supergroup.Stramenopiles; Phylum.Ochrophyta; Class.Bacillariophyta; Subclass.Coscinodiscophyceae; Order.Chaetocerotales	0.0	0.0	0.0	0.0023001725129384704	0.0	0.0	0.0	0.004603303547251557	0.0	0.0	0.0	0.0024904214559386974	0.0	0.002082899395959175	0.0	0.0	0.0018329938900203666	0.012857142857142857	0.0	0.0	0.0	0.0	0.0	0.0
3eabd789847aa9f9248af76ec386b07c	Kingdom.Eukaryota; Supergroup.Hacrobia; Phylum.Haptophyta; Class.Prymnesiophyceae; Subclass.Prymnesiophycidae_X; Order.Prymnesiales; Suborder.Prymnesiales_X; Family.Chrysochromulinaceae; Genus.Chrysochromulinaceae_X; Species.Chrysochromulinaceae_X	0.0	0.0	0.0008372659461105192	0.0023001725129384704	0.0	0.0	0.0	0.0	0.0	0.0	0.0	0.0	0.0	0.0	0.0	0.0005462988254575252	0.00020366598778004074	0.012857142857142857	0.0	0.0	0.0	0.0	0.0	0.0
4cee53a03555c8bc40a1655f94c616c2	Kingdom.Eukaryota; Supergroup.Stramenopiles; Phylum.Ochrophyta; Class.Bacillariophyta; Subclass.Coscinodiscophyceae; Order.Chaetocerotales	0.0	0.004412719013627515	0.0008372659461105192	0.0	0.0	0.006093845216331505	0.003869969040247678	0.0	0.0	0.0	0.0	0.011685823754789272	0.012852880422308928	0.0037492189127265154	0.006317267197005147	0.00518983884184649	0.0050916496945010185	0.0	0.0	0.0	0.004365582312350373	0.0	0.0	0.0
c9a7556736de7ab208d8b4be2b6d42ae	Kingdom.Eukaryota; Supergroup.Stramenopiles; Phylum.Ochrophyta; Class.Chrysophyceae-Synurophyceae; Subclass.Chrysophyceae-Synurophyceae_X; Order.Chrysophyceae-Synurophyceae_XX; Suborder.Chrysophyceae-Synurophyceae_XXX; Family.Chrysophyceae-Synurophyceae_XXXX; Genus.Chrysophyceae-Synurophyceae_XXXXX; Species.Chrysophyceae-Synurophyceae_XXXXX	0.0	0.0033744321868916286	0.0018267620642411326	0.0	0.004112554112554113	0.012797074954296161	0.009287925696594427	0.0	0.004182850313713774	0.005286809410520751	0.0	0.004980842911877395	0.0	0.0	0.003275620028076743	0.0	0.0	0.0	0.0	0.010218679746576743	0.0	0.0030245323176879132	0.0	0.0
a61c7b5b3743e14adec680b9fab0c29b	Kingdom.Eukaryota; Supergroup.Stramenopiles; Phylum.Ochrophyta; Class.Dictyochophyceae; Subclass.Dictyochophyceae_X; Order.Florenciellales; Suborder.Florenciellales_X; Family.Florenciellales_XX; Genus.Florenciellales_XXX; Species.Florenciellales_XXX	0.0	0.003244646333549643	0.002892373268381793	0.0	0.011255411255411256	0.0	0.012770897832817337	0.0	0.0	0.0	0.0	0.0	0.0	0.0	0.0	0.00409724119093144	0.0012219959266802445	0.0	0.0	0.0	0.0036614561329390226	0.002688473171278145	0.0	0.0
524aa45609c169d0c104a13c41c77be3	Kingdom.Eukaryota; Supergroup.Hacrobia; Phylum.Haptophyta; Class.Prymnesiophyceae	0.0	0.0	0.0	0.0	0.0	0.0	0.0	0.0	0.0	0.0	0.0	0.01206896551724138	0.0	0.0	0.0	0.0	0.0	0.0	0.0	0.0	0.012674271229404309	0.0	0.0	0.0
dc285066381412bc044155eb1347ae0a	Kingdom.Eukaryota; Supergroup.Stramenopiles; Phylum.Ochrophyta; Class.Chrysophyceae-Synurophyceae; Subclass.Chrysophyceae-Synurophyceae_X; Order.Chrysophyceae-Synurophyceae_XX; Suborder.Chrysophyceae-Synurophyceae_XXX; Family.Chrysophyceae-Synurophyceae_XXXX; Genus.Chrysophyceae-Synurophyceae_XXXXX; Species.Chrysophyceae-Synurophyceae_XXXXX	0.0	0.004542504866969501	0.012026183589587456	0.012459267778416714	0.004329004329004329	0.008226691042047532	0.0042569659442724455	0.005415651232060655	0.007469375560203167	0.006344171292624901	0.0041841004184100415	0.0	0.006885471654808354	0.0047906686107061025	0.009826860084230228	0.005462988254575253	0.003258655804480652	0.01	0.0	0.00357653791130186	0.010421067455287987	0.011762070124341883	0.005199306759098787	0.0
c2474a993c57d60f51014e740228d270	Kingdom.Eukaryota; Supergroup.Hacrobia; Phylum.Haptophyta; Class.Prymnesiophyceae; Subclass.Prymnesiophycidae_X; Order.Prymnesiales; Suborder.Prymnesiales_X	0.0	0.0033744321868916286	0.006165321966813822	0.004216982940387195	0.003463203463203463	0.003656307129798903	0.0015479876160990713	0.012455997833739508	0.009560800717060053	0.0018503832936822627	0.008833100883310088	0.0005747126436781609	0.004819830158365848	0.0029160591543428453	0.006317267197005147	0.00928708003277793	0.00835030549898167	0.0	0.0	0.005313713468219906	0.002957329953527672	0.007281281505544976	0.010893785590492696	0.0
45f2f28d1855838ee9e69f44adf19221	Kingdom.Eukaryota; Supergroup.Hacrobia; Phylum.Haptophyta; Class.Prymnesiophyceae; Subclass.Prymnesiophyceae_X; Order.Prymnesiales; Suborder.Prymnesiales_X	0.0	0.0081765087605451	0.006469782310854011	0.003833620854897451	0.0025974025974025974	0.005484460694698354	0.01238390092879257	0.00487408610885459	0.0	0.0042294475284166	0.0	0.004022988505747126	0.0	0.00416579879191835	0.0025737014506317267	0.00819448238186288	0.0	0.0	0.0	0.0017371755569180463	0.0	0.006161084350845749	0.0012379301807378064	0.0
9071abf5ca4bb82488aba8195b4651df	Kingdom.Eukaryota; Supergroup.Stramenopiles; Phylum.Ochrophyta; Class.Chrysophyceae; Subclass.Chrysophyceae_X; Order.Chrysophyceae_XX; Suborder.Chrysophyceae_XXX; Family.Chrysophyceae_XXXX; Genus.Chrysophyceae_XXXXX; Species.Chrysophyceae_XXXXX	0.0	0.0	0.0	0.0	0.0	0.0	0.0	0.0	0.0	0.0	0.0	0.0	0.0	0.0	0.0	0.012291723572794318	0.0	0.0	0.0	0.0	0.0	0.0	0.0	0.0
de42acffefafacc4039eb8b9f5b7c07d	Kingdom.Eukaryota; Supergroup.Hacrobia; Phylum.Haptophyta; Class.Prymnesiophyceae; Subclass.Prymnesiophycidae_X; Order.Prymnesiales; Suborder.Prymnesiales_X	0.0	0.006619078520441272	0.005328056020703303	0.0047920260686218135	0.0	0.0	0.009674922600619196	0.012185215272136474	0.00985957573946818	0.0	0.0	0.0032567049808429117	0.0	0.007706727765048948	0.007253158633598503	0.0065555859054903035	0.0	0.0	0.0	0.0047005926834253016	0.0025348542458808617	0.007505320936484821	0.0	0.0
ca5508a51ce13327c29dff18ab245837	Kingdom.Eukaryota; Supergroup.Hacrobia; Phylum.Haptophyta; Class.Prymnesiophyceae; Subclass.Prymnesiophycidae_X; Order.Prymnesiales; Suborder.Prymnesiales_X; Family.Chrysochromulinaceae; Genus.Chrysochromulinaceae_X; Species.Chrysochromulinaceae_X	0.0	0.0057105775470473715	0.011417262901507078	0.010350776308223116	0.005627705627705628	0.006398537477148081	0.007352941176470588	0.005957216355266721	0.00268897520167314	0.002907745175786413	0.0	0.004980842911877395	0.010098691760385586	0.011664236617371381	0.004211511464670099	0.004643540016388965	0.0028513238289205704	0.0	0.0	0.011444921316165951	0.008449514152936205	0.008401478660244203	0.0029710324337707352	0.0
def79193235057732ae6500e9b654dea	Kingdom.Eukaryota; Supergroup.Stramenopiles; Phylum.Ochrophyta; Class.Dictyochophyceae; Subclass.Dictyochophyceae_X; Order.Dictyochophyceae_XX; Suborder.Dictyochophyceae_XXX; Family.Dictyochophyceae_XXXX; Genus.Dictyochophyceae_XXXXX; Species.Dictyochophyceae_XXXXX	0.0	0.004282933160285529	0.005936976708783681	0.006708836496070539	0.00367965367965368	0.01157830591102986	0.0	0.0	0.0	0.0042294475284166	0.0	0.0	0.007344503098462245	0.006873568006665278	0.004211511464670099	0.003004643540016389	0.0	0.0	0.0	0.001941549151849581	0.0012674271229404308	0.006385123781785594	0.0	0.0
21d302f9d735a495b0139527a88f5e7f	Kingdom.Eukaryota; Supergroup.Hacrobia; Phylum.Haptophyta; Class.Prymnesiophyceae	0.0	0.011550940947436729	0.004719135332622926	0.002875215641173088	0.003246753246753247	0.0021328458257160268	0.0030959752321981426	0.0	0.0	0.0084588950568332	0.0	0.007471264367816092	0.006655955932981409	0.002082899395959175	0.002339728591483388	0.0	0.0	0.0	0.0	0.0034743511138360926	0.005069708491761723	0.005600985773496135	0.0037137905422134194	0.0
a8651618911e5bb5d1066e5abca8f322	Kingdom.Eukaryota; Supergroup.Archaeplastida; Phylum.Chlorophyta; Class.Mamiellophyceae; Subclass.Mamiellophyceae_X; Order.Mamiellales; Suborder.Mamiellales_X; Family.Bathycoccaceae; Genus.Bathycoccus; Species.Bathycoccus	0.0	0.0	0.0018267620642411326	0.0	0.0	0.0	0.0	0.0	0.0	0.0	0.0	0.0	0.0	0.0	0.003275620028076743	0.0	0.002036659877800407	0.011428571428571429	0.0	0.00398528510116493	0.0025348542458808617	0.0	0.0	0.0
a08a95591820d3fe5163f4a97e57ceaf	Kingdom.Eukaryota; Supergroup.Hacrobia; Phylum.Haptophyta; Class.Prymnesiophyceae	0.0	0.005580791693705386	0.0	0.0	0.0	0.0	0.0	0.0	0.0	0.0	0.0	0.0	0.010098691760385586	0.006456988127473443	0.0	0.0	0.010997963340122199	0.0	0.0	0.004291845493562232	0.0	0.0031365520331578358	0.0	0.0
804c97f3b7c19fd8f96daeb7abe14ae0	Kingdom.Eukaryota; Supergroup.Stramenopiles; Phylum.Ochrophyta; Class.Bacillariophyta; Subclass.Coscinodiscophyceae; Order.Chaetocerotales	0.0	0.0	0.0	0.0	0.0	0.0	0.0	0.0	0.0	0.0	0.0	0.0	0.0	0.0	0.0	0.010925976509150505	0.0	0.0	0.0	0.0030656039239730227	0.0	0.0	0.0	0.0
49b2d51a587191a4dc92b75f1ebf8c19	Kingdom.Eukaryota; Supergroup.Stramenopiles; Phylum.Ochrophyta; Class.Pelagophyceae; Subclass.Pelagophyceae_X; Order.Sarcinochrysidales; Suborder.SarcinochrysidaleX; Family.Sarcinochrysidaceae; Genus.Sarcinochrysidaceae_X; Species.Sarcinochrysidaceae_X	0.0	0.0	0.0	0.0	0.0	0.0	0.0	0.0	0.0	0.0	0.0	0.0	0.0	0.0	0.0	0.0	0.0	0.0	0.01079913606911447	0.0	0.0	0.0	0.0	0.0
d7e0b7814b26db2dd9ef929d3e65a861	Kingdom.Eukaryota; Supergroup.Stramenopiles; Phylum.Ochrophyta; Class.Dictyochophyceae; Subclass.Dictyochophyceae_X; Order.Dictyochophyceae_XX; Suborder.Dictyochophyceae_XXX; Family.Dictyochophyceae_XXXX; Genus.Dictyochophyceae_XXXXX; Species.Dictyochophyceae_XXXXX	0.0	0.006878650227125243	0.005251940934693256	0.0047920260686218135	0.0025974025974025974	0.0	0.0	0.004061738424045491	0.002987750224081267	0.0084588950568332	0.0	0.00900383141762452	0.005049345880192793	0.0083315975838367	0.010762751520823585	0.009013930620049166	0.0054989816700610995	0.0	0.0	0.010218679746576743	0.005773834671173074	0.0	0.0	0.0
93b6b43a49e4c1ebc897331dad7e1a15	Kingdom.Eukaryota; Supergroup.Stramenopiles; Phylum.Ochrophyta	0.0	0.004672290720311486	0.0022073374942913684	0.0019168104274487254	0.004329004329004329	0.010054844606946984	0.0046439628482972135	0.003249390739236393	0.0	0.0	0.0	0.0015325670498084292	0.0039017672710580675	0.0016663195167673402	0.0035095928872250818	0.0	0.0	0.0	0.0	0.0	0.0	0.0030245323176879132	0.0	0.0
5078264a93526ca166769efcb52cb2a4	Kingdom.Eukaryota; Supergroup.Stramenopiles; Phylum.Ochrophyta; Class.Dictyochophyceae; Subclass.Dictyochophyceae_X; Order.Dictyochophyceae_XX; Suborder.Dictyochophyceae_XXX; Family.Dictyochophyceae_XXXX; Genus.Dictyochophyceae_XXXXX; Species.Dictyochophyceae_XXXXX	0.0	0.0	0.0030446034404018876	0.0034502587694077054	0.0	0.0	0.0	0.0	0.0	0.0	0.002789400278940028	0.0	0.003213220105577232	0.0010414496979795876	0.0070191857744501636	0.0	0.003869653767820774	0.01	0.0	0.0	0.001408252358822701	0.0	0.0	0.0
