#OTU ID	taxonomy	F059	F067	F075	F076	F080	F095	F096	F100	F104	F105	F106	F107	F109	F111	F135	F141	F143	F145	F60	F69	F78	F87
99a776e1f79fe5ec7ff7ee5f4004641e	D_0__Bacteria; D_1__Proteobacteria; D_2__Alphaproteobacteria; D_3__Rickettsiales; D_4__Mitochondria; D_5__Proteobacteria bacterium JGI 0000113-D06; D_6__Proteobacteria bacterium JGI 0000113-D06	0.07255520504731862	0.11346444780635401	0.08114285714285714	0.06242350061199511	0.09965635738831616	0.12553495007132667	0.06989247311827956	0.22139303482587064	0.025404157043879907	0.08032128514056225	0.1427061310782241	0.06896551724137931	0.08982683982683982	0.06091370558375635	0.11703703703703704	0.0996523754345307	0.14444444444444443	0.15625	0.06143128562381254	0.12102564102564102	0.08413461538461539	0.09492847854356307
2ca35764d7521fadb3ae4e05eba90740	D_0__Bacteria; D_1__Proteobacteria; D_2__Alphaproteobacteria; D_3__Rickettsiales; D_4__Mitochondria; D_5__marine metagenome; D_6__marine metagenome	0.02965299684542587	0.04387291981845688	0.07657142857142857	0.0	0.0	0.06276747503566334	0.0	0.017412935323383085	0.10508083140877598	0.0	0.0	0.0	0.0	0.0	0.09333333333333334	0.055619930475086905	0.0	0.17708333333333334	0.024699176694110196	0.0	0.0	0.0
433fc3ab19b261e8c87476b95a9a0666	D_0__Bacteria; D_1__Proteobacteria; D_2__Alphaproteobacteria; D_3__Rickettsiales; D_4__Mitochondria; D_5__marine metagenome; D_6__marine metagenome	0.032807570977917984	0.0	0.0	0.05752753977968176	0.041237113402061855	0.0	0.06048387096774194	0.0	0.0	0.0	0.0	0.05547226386806597	0.06060606060606061	0.06937394247038917	0.0	0.0	0.0	0.0	0.0	0.043076923076923075	0.03125	0.14954486345903772
4ecd0f80c2ea0634b07bc57152ec3f0e	D_0__Bacteria; D_1__Proteobacteria; D_2__Alphaproteobacteria; D_3__Rickettsiales; D_4__Mitochondria; D_5__uncultured bacterium; D_6__uncultured bacterium	0.03974763406940063	0.04084720121028744	0.06628571428571428	0.08567931456548347	0.0	0.10556348074179743	0.009408602150537635	0.022388059701492536	0.06697459584295612	0.0321285140562249	0.040169133192389	0.05247376311844078	0.05844155844155844	0.06598984771573604	0.07703703703703704	0.13673232908458866	0.13333333333333333	0.14583333333333334	0.021532615579480684	0.06974358974358974	0.0641025641025641	0.12743823146944083
b85a5022ebff16a18b5a13edb232eb80	D_0__Bacteria; D_1__Proteobacteria; D_2__Alphaproteobacteria; D_3__Rickettsiales; D_4__Mitochondria; D_5__uncultured bacterium; D_6__uncultured bacterium	0.10410094637223975	0.07034795763993948	0.06857142857142857	0.06364749082007344	0.08762886597938144	0.04136947218259629	0.06586021505376344	0.05099502487562189	0.06466512702078522	0.08433734939759036	0.08350951374207188	0.06746626686656672	0.12229437229437229	0.1116751269035533	0.07703703703703704	0.05909617612977984	0.12222222222222222	0.0	0.13742875237492083	0.11487179487179487	0.08333333333333333	0.013003901170351105
c8df980b8f4d6e0714ca996423bf21ea	D_0__Bacteria; D_1__Proteobacteria; D_2__Alphaproteobacteria; D_3__Rickettsiales; D_4__Mitochondria; D_5__uncultured bacterium; D_6__uncultured bacterium	0.031545741324921134	0.06429652042360061	0.0	0.09179926560587515	0.06529209621993128	0.028530670470756064	0.038978494623655914	0.0	0.06697459584295612	0.05823293172690763	0.07505285412262157	0.05247376311844078	0.07900432900432901	0.043993231810490696	0.0	0.04287369640787949	0.1111111111111111	0.125	0.034198860037998734	0.06769230769230769	0.0625	0.05071521456436931
45cd65470ba20f56e5022deae771c3a7	D_0__Bacteria; D_1__Proteobacteria; D_2__Alphaproteobacteria; D_3__Rickettsiales; D_4__Mitochondria; D_5__Proteobacteria bacterium JGI 0000113-D06; D_6__Proteobacteria bacterium JGI 0000113-D06	0.0	0.056732223903177004	0.05714285714285714	0.04895960832313342	0.03951890034364261	0.0	0.026881720430107527	0.0	0.07505773672055427	0.10240963855421686	0.0	0.0	0.0	0.0	0.0	0.0	0.0	0.0	0.016466117796073463	0.06051282051282051	0.0	0.06371911573472042
e2a07863672ab07db936357794f245f4	D_0__Bacteria; D_1__Proteobacteria; D_2__Alphaproteobacteria; D_3__Rickettsiales; D_4__Mitochondria; D_5__marine metagenome; D_6__marine metagenome	0.0	0.00832072617246596	0.017142857142857144	0.019583843329253364	0.0	0.0	0.012096774193548387	0.017412935323383085	0.004618937644341801	0.0	0.0	0.0	0.0	0.011844331641285956	0.0	0.0	0.1	0.0	0.0	0.022564102564102566	0.0	0.0
9b5776f7c4361d35c08b67203af739d5	D_0__Bacteria; D_1__Proteobacteria; D_2__Alphaproteobacteria; D_3__Rickettsiales; D_4__Mitochondria; D_5__uncultured bacterium; D_6__uncultured bacterium	0.028391167192429023	0.048411497730711045	0.04	0.042839657282741736	0.0	0.037089871611982884	0.03763440860215054	0.017412935323383085	0.03810623556581986	0.02610441767068273	0.019027484143763214	0.041979010494752625	0.05303030303030303	0.09475465313028765	0.0	0.0	0.05555555555555555	0.0	0.04623179227359088	0.02666666666666667	0.07451923076923077	0.01950585175552666
d733a463d21886941718c7c95a462c9a	D_0__Bacteria; D_1__Proteobacteria; D_2__Alphaproteobacteria; D_3__Rickettsiales; D_4__Mitochondria; D_5__uncultured bacterium; D_6__uncultured bacterium	0.0	0.0	0.0	0.0	0.0	0.0	0.0	0.0	0.0	0.0	0.0	0.0	0.0	0.0	0.0	0.0	0.07777777777777778	0.0	0.0	0.0	0.0	0.0
2487ebb90f38e309bfaecc53d0d2caed	D_0__Bacteria; D_1__Proteobacteria; D_2__Alphaproteobacteria; D_3__Rickettsiales; D_4__Mitochondria; D_5__uncultured bacterium; D_6__uncultured bacterium	0.028391167192429023	0.01588502269288956	0.022857142857142857	0.014687882496940025	0.05670103092783505	0.018544935805991442	0.056451612903225805	0.022388059701492536	0.061200923787528866	0.07228915662650602	0.02959830866807611	0.0	0.0	0.0	0.02074074074074074	0.01738122827346466	0.0	0.0	0.0512982900569981	0.027692307692307693	0.0	0.02340702210663199
a51fe56cc751bb5ec72a1a9882e31059	D_0__Bacteria; D_1__Proteobacteria; D_2__Alphaproteobacteria; D_3__Rickettsiales; D_4__Mitochondria; D_5__uncultured bacterium; D_6__uncultured bacterium	0.006309148264984227	0.0	0.0	0.011015911872705019	0.0	0.0	0.0	0.011194029850746268	0.0	0.0	0.0708245243128964	0.038980509745127435	0.01406926406926407	0.0338409475465313	0.028148148148148148	0.011587485515643106	0.0	0.0	0.0	0.003076923076923077	0.0	0.0
8b96322cd7f15e5141711715a67ced39	D_0__Bacteria; D_1__Proteobacteria; D_2__Alphaproteobacteria; D_3__Rickettsiales; D_4__Mitochondria	0.0	0.0	0.0	0.0	0.0	0.0	0.0	0.0	0.0	0.0	0.06871035940803383	0.0	0.0	0.0	0.0	0.0	0.0	0.0	0.0	0.0	0.0	0.0
592c9561d1552ec44ce6907322848dd3	D_0__Bacteria; D_1__Proteobacteria; D_2__Alphaproteobacteria; D_3__Rickettsiales; D_4__Mitochondria; D_5__marine metagenome; D_6__marine metagenome	0.030914826498422712	0.0226928895612708	0.021714285714285714	0.011015911872705019	0.022336769759450172	0.007132667617689016	0.0	0.013681592039800995	0.0	0.012048192771084338	0.026427061310782242	0.022488755622188907	0.01948051948051948	0.011844331641285956	0.014814814814814815	0.030127462340672075	0.0	0.0	0.0	0.06769230769230769	0.009615384615384616	0.0
713c63adca8857e39d0550d6f6efaa89	D_0__Bacteria; D_1__Proteobacteria; D_2__Alphaproteobacteria; D_3__Rickettsiales; D_4__Mitochondria; D_5__Proteobacteria bacterium JGI 0000113-D06; D_6__Proteobacteria bacterium JGI 0000113-D06	0.0	0.0	0.0	0.0	0.0	0.025677603423680456	0.0	0.0	0.0	0.0	0.0	0.0239880059970015	0.0	0.0	0.0	0.03476245654692932	0.06666666666666667	0.0	0.0	0.005128205128205128	0.0	0.0
732af03ba32b7c6492f8e88460f0f2f7	D_0__Bacteria; D_1__Proteobacteria; D_2__Alphaproteobacteria; D_3__Rickettsiales; D_4__Mitochondria; D_5__Proteobacteria bacterium JGI 0000113-D06; D_6__Proteobacteria bacterium JGI 0000113-D06	0.0416403785488959	0.0	0.0	0.0	0.024054982817869417	0.06419400855920114	0.0	0.0	0.0	0.0	0.0	0.0	0.0	0.0	0.0	0.0	0.0	0.0	0.0	0.05128205128205128	0.03445512820512821	0.0
277af4354dc8521ce11b2fb41e1b9a96	D_0__Bacteria; D_1__Proteobacteria; D_2__Alphaproteobacteria; D_3__Rickettsiales; D_4__Mitochondria; D_5__uncultured bacterium; D_6__uncultured bacterium	0.03028391167192429	0.04236006051437216	0.056	0.0	0.0	0.0	0.0	0.06343283582089553	0.0	0.0	0.0	0.0	0.0	0.0	0.02962962962962963	0.03707995365005794	0.0	0.0	0.0	0.0	0.0	0.0
5429a13665adb698edca057e03ff32ef	D_0__Bacteria; D_1__Proteobacteria; D_2__Alphaproteobacteria; D_3__Rickettsiales; D_4__Mitochondria; D_5__uncultured bacterium; D_6__uncultured bacterium	0.0	0.0	0.0	0.0	0.0	0.0	0.0	0.0	0.0	0.0	0.0	0.0	0.0	0.0	0.0	0.0	0.0	0.0625	0.0	0.0	0.0	0.0
4e78c9c5ba020208d2d13f551e372ca5	D_0__Bacteria; D_1__Proteobacteria; D_2__Alphaproteobacteria; D_3__Rickettsiales; D_4__Mitochondria; D_5__uncultured bacterium; D_6__uncultured bacterium	0.0	0.0	0.0	0.0	0.0	0.0	0.008064516129032258	0.0	0.0	0.0	0.0	0.0	0.0	0.0	0.0	0.0	0.0	0.0625	0.0	0.0	0.0	0.0
cd8b270a0e61e43e3acaf1aca1ce8605	D_0__Bacteria; D_1__Proteobacteria; D_2__Alphaproteobacteria; D_3__Rickettsiales; D_4__Mitochondria; D_5__uncultured bacterium; D_6__uncultured bacterium	0.0	0.0	0.0	0.030599755201958383	0.0	0.0	0.0	0.0	0.0	0.060240963855421686	0.0	0.03298350824587706	0.0	0.0	0.0	0.0	0.0	0.0	0.007599746675110829	0.0	0.0	0.0
0a20789820be6f787a869e03cddbc7d8	D_0__Bacteria; D_1__Proteobacteria; D_2__Alphaproteobacteria; D_3__Rickettsiales; D_4__Mitochondria; D_5__uncultured bacterium; D_6__uncultured bacterium	0.032807570977917984	0.019667170953101363	0.04	0.03427172582619339	0.029209621993127148	0.034236804564907276	0.026881720430107527	0.026119402985074626	0.016166281755196306	0.0	0.005285412262156448	0.05997001499250375	0.031385281385281384	0.025380710659898477	0.016296296296296295	0.0220162224797219	0.0	0.0	0.04939835338822039	0.0441025641025641	0.04326923076923077	0.02860858257477243
6d1a5858beda1b50d7b20714bd39fd56	D_0__Bacteria; D_1__Proteobacteria; D_2__Alphaproteobacteria; D_3__Rickettsiales; D_4__Mitochondria; D_5__uncultured bacterium; D_6__uncultured bacterium	0.0	0.02193645990922844	0.0	0.0	0.030927835051546393	0.05563480741797432	0.04435483870967742	0.0	0.0	0.0	0.0	0.0	0.006493506493506494	0.023688663282571912	0.0	0.0	0.0	0.0	0.02026599113362888	0.0	0.016826923076923076	0.014304291287386216
d901e8ebeb0e955b42a6b4b1fb823a15	D_0__Bacteria; D_1__Proteobacteria; D_2__Alphaproteobacteria; D_3__Rickettsiales; D_4__Mitochondria; D_5__uncultured bacterium; D_6__uncultured bacterium	0.0	0.0	0.0	0.0	0.0	0.0	0.0	0.0	0.0	0.0	0.0	0.0	0.0	0.0	0.0	0.0	0.05555555555555555	0.0	0.0	0.0	0.0	0.0
cf3aec1d084f340169fc60a95ea9deb0	D_0__Bacteria; D_1__Proteobacteria; D_2__Alphaproteobacteria; D_3__Rickettsiales; D_4__Mitochondria; D_5__uncultured bacterium; D_6__uncultured bacterium	0.050473186119873815	0.019667170953101363	0.018285714285714287	0.0	0.0	0.008559201141226819	0.016129032258064516	0.05472636815920398	0.011547344110854504	0.024096385542168676	0.005285412262156448	0.0239880059970015	0.02922077922077922	0.0	0.02074074074074074	0.02433371958285052	0.0	0.0	0.026599113362887904	0.0041025641025641026	0.004006410256410256	0.04161248374512354
0322cdd0ec71b79de447f6ffb92b5562	D_0__Bacteria; D_1__Proteobacteria; D_2__Alphaproteobacteria; D_3__Rickettsiales; D_4__Mitochondria; D_5__Proteobacteria bacterium JGI 0000113-D06; D_6__Proteobacteria bacterium JGI 0000113-D06	0.0	0.0	0.0	0.0	0.0	0.0	0.0	0.0	0.0	0.0	0.049682875264270614	0.0	0.05303030303030303	0.00676818950930626	0.01925925925925926	0.02433371958285052	0.0	0.0	0.0	0.0	0.0	0.0
7d2fd800c809a0a1e93aa996f1ba0fe5	D_0__Bacteria; D_1__Proteobacteria; D_2__Alphaproteobacteria; D_3__Rickettsiales; D_4__Mitochondria; D_5__marine metagenome; D_6__marine metagenome	0.010725552050473186	0.0	0.0	0.01835985312117503	0.0	0.0	0.0	0.05223880597014925	0.0	0.0	0.0	0.0	0.0	0.0	0.0	0.0	0.0	0.0	0.007599746675110829	0.0	0.00641025641025641	0.0
471bf3dcfb861d0c6306448efe1de031	D_0__Bacteria; D_1__Proteobacteria; D_2__Alphaproteobacteria; D_3__Rickettsiales; D_4__Mitochondria; D_5__uncultured bacterium; D_6__uncultured bacterium	0.0	0.0	0.0	0.011015911872705019	0.0	0.0	0.0	0.0	0.008083140877598153	0.0	0.0	0.010494752623688156	0.0	0.0	0.0	0.0	0.0	0.052083333333333336	0.0	0.0	0.0	0.0
7db2757af5985f9c3ba667b75783d632	D_0__Bacteria; D_1__Proteobacteria; D_2__Alphaproteobacteria; D_3__Rickettsiales; D_4__Mitochondria; D_5__uncultured bacterium; D_6__uncultured bacterium	0.0	0.0	0.011428571428571429	0.01835985312117503	0.006872852233676976	0.0	0.0	0.018656716417910446	0.0	0.0	0.0	0.0	0.025974025974025976	0.01692047377326565	0.0	0.013904982618771726	0.0	0.052083333333333336	0.021532615579480684	0.0	0.014423076923076924	0.02080624187256177
abae038cfeae929f86486c2267a0575d	D_0__Bacteria; D_1__Proteobacteria; D_2__Alphaproteobacteria; D_3__Rickettsiales; D_4__Mitochondria; D_5__uncultured bacterium; D_6__uncultured bacterium	0.014511041009463722	0.037065052950075644	0.0	0.0	0.041237113402061855	0.0	0.028225806451612902	0.021144278606965175	0.050808314087759814	0.0	0.02959830866807611	0.0	0.0	0.0	0.0	0.0	0.0	0.0	0.0	0.013333333333333334	0.028044871794871796	0.02600780234070221
a146fe99d8cb35726aeaa4a744fce02a	D_0__Bacteria; D_1__Proteobacteria; D_2__Alphaproteobacteria; D_3__Rickettsiales; D_4__Mitochondria; D_5__uncultured bacterium; D_6__uncultured bacterium	0.0	0.0	0.0	0.0	0.048109965635738834	0.0	0.0	0.0	0.0	0.0	0.0	0.0	0.0	0.0	0.0	0.0	0.0	0.0	0.0	0.0	0.0	0.0
1a0116f5c5d41d2e94e95f9f284e42f4	D_0__Bacteria; D_1__Proteobacteria; D_2__Alphaproteobacteria; D_3__Rickettsiales; D_4__Mitochondria; D_5__uncultured bacterium; D_6__uncultured bacterium	0.015772870662460567	0.0	0.0	0.0	0.0	0.0	0.0	0.008706467661691543	0.004618937644341801	0.0	0.017970401691331923	0.047976011994003	0.020562770562770564	0.032148900169204735	0.0	0.006952491309385863	0.0	0.0	0.03229892336922103	0.0	0.021634615384615384	0.0
ce3fa6c18ad3372984afad62b615ef0a	D_0__Bacteria; D_1__Proteobacteria; D_2__Alphaproteobacteria; D_3__Rickettsiales; D_4__Mitochondria; D_5__uncultured bacterium; D_6__uncultured bacterium	0.0	0.02723146747352496	0.030857142857142857	0.02447980416156671	0.006872852233676976	0.018544935805991442	0.02956989247311828	0.046019900497512436	0.0	0.0	0.0	0.035982008995502246	0.03463203463203463	0.0	0.0	0.04287369640787949	0.0	0.0	0.008233058898036731	0.0	0.03125	0.02860858257477243
c73b76a73a08379c33569dc759c9ce84	D_0__Bacteria; D_1__Proteobacteria; D_2__Alphaproteobacteria; D_3__Rickettsiales; D_4__Mitochondria; D_5__uncultured bacterium; D_6__uncultured bacterium	0.019558359621451103	0.0045385779122541605	0.0	0.0	0.0	0.0	0.0	0.0	0.0	0.04417670682730924	0.014799154334038054	0.0	0.007575757575757576	0.0	0.0044444444444444444	0.0	0.0	0.0	0.03799873337555415	0.008205128205128205	0.017628205128205128	0.010403120936280884
ac555e4cdda273252ac3af8d60e2590c	D_0__Bacteria; D_1__Proteobacteria; D_2__Alphaproteobacteria; D_3__Rickettsiales; D_4__Mitochondria; D_5__uncultured bacterium; D_6__uncultured bacterium	0.0	0.0	0.0	0.0	0.0	0.015691868758915834	0.0	0.0	0.04387990762124711	0.0	0.0	0.0	0.0	0.0	0.0	0.0	0.0	0.0	0.007599746675110829	0.0	0.0	0.0
dbc1a3efbad8fcc7df10c51d85fd5805	D_0__Bacteria; D_1__Proteobacteria; D_2__Alphaproteobacteria; D_3__Rickettsiales; D_4__Mitochondria; D_5__uncultured bacterium; D_6__uncultured bacterium	0.0	0.0	0.0	0.0	0.0	0.0	0.0	0.0	0.0	0.0	0.0	0.0	0.0	0.04230118443316413	0.0	0.0	0.0	0.0	0.0	0.0	0.0	0.0
bce166f1602ac7de2a0a4cdd926ea186	D_0__Bacteria; D_1__Proteobacteria; D_2__Alphaproteobacteria; D_3__Rickettsiales; D_4__Mitochondria; D_5__uncultured bacterium; D_6__uncultured bacterium	0.014511041009463722	0.0264750378214826	0.02057142857142857	0.008567931456548347	0.029209621993127148	0.03566333808844508	0.041666666666666664	0.0	0.0	0.018072289156626505	0.0	0.0074962518740629685	0.02813852813852814	0.025380710659898477	0.028148148148148148	0.023174971031286212	0.0	0.041666666666666664	0.025965801139962	0.0	0.019230769230769232	0.035110533159947985
c499d3d4852867695c29f50c256bfec6	D_0__Bacteria; D_1__Proteobacteria; D_2__Alphaproteobacteria; D_3__Rickettsiales; D_4__Mitochondria; D_5__uncultured bacterium; D_6__uncultured bacterium	0.02082018927444795	0.015128593040847202	0.021714285714285714	0.019583843329253364	0.01718213058419244	0.0042796005706134095	0.026881720430107527	0.008706467661691543	0.0	0.018072289156626505	0.0	0.0	0.0	0.0	0.0	0.0	0.0	0.0	0.022165927802406588	0.0	0.041666666666666664	0.009102730819245773
e45b8d1c49fa086e40fca0d27d12f290	D_0__Bacteria; D_1__Proteobacteria; D_2__Alphaproteobacteria; D_3__Rickettsiales; D_4__Mitochondria; D_5__uncultured bacterium; D_6__uncultured bacterium	0.019558359621451103	0.018910741301059002	0.02057142857142857	0.025703794369645042	0.0	0.029957203994293864	0.0	0.012437810945273632	0.0	0.0	0.0	0.04047976011994003	0.0	0.01692047377326565	0.02074074074074074	0.019698725376593278	0.0	0.0	0.0	0.027692307692307693	0.020032051282051284	0.022106631989596878
998035884ae28039742dea442620cb38	D_0__Bacteria; D_1__Proteobacteria; D_2__Alphaproteobacteria; D_3__Rickettsiales; D_4__Mitochondria; D_5__uncultured bacterium; D_6__uncultured bacterium	0.0	0.0	0.0	0.0	0.0	0.0	0.04032258064516129	0.0	0.0	0.0	0.0	0.0	0.0	0.0	0.0	0.0	0.0	0.0	0.0	0.027692307692307693	0.0	0.0
d44455303c4dbb93284178a3834fac18	D_0__Bacteria; D_1__Proteobacteria; D_2__Alphaproteobacteria; D_3__Rickettsiales; D_4__Mitochondria; D_5__marine metagenome; D_6__marine metagenome	0.0	0.012102874432677761	0.014857142857142857	0.0	0.018900343642611683	0.0	0.0	0.0	0.03926096997690531	0.0	0.0	0.0	0.020562770562770564	0.0	0.0	0.023174971031286212	0.0	0.0	0.0	0.0	0.0	0.0
c30eca7bf56272368f9c0832d88b9441	D_0__Bacteria; D_1__Proteobacteria; D_2__Alphaproteobacteria; D_3__Rickettsiales; D_4__Mitochondria; D_5__uncultured bacterium; D_6__uncultured bacterium	0.0	0.0	0.0	0.03916768665850673	0.0	0.0	0.0	0.0	0.0	0.0	0.0	0.0	0.0	0.0	0.0	0.0	0.0	0.0	0.0	0.0	0.0	0.0
e03e6d0564cec985b4c7759070404920	D_0__Bacteria; D_1__Proteobacteria; D_2__Alphaproteobacteria; D_3__Rickettsiales; D_4__Mitochondria; D_5__Proteobacteria bacterium JGI 0000113-D06; D_6__Proteobacteria bacterium JGI 0000113-D06	0.0	0.0	0.0	0.0	0.0	0.0	0.0	0.028606965174129355	0.0	0.0	0.0	0.0	0.0	0.0	0.0	0.0	0.0	0.0	0.03673210892970234	0.0	0.0	0.0
2c99e9d4dbd7344798766318460bc89a	D_0__Bacteria; D_1__Proteobacteria; D_2__Alphaproteobacteria; D_3__Rickettsiales; D_4__Mitochondria; D_5__uncultured bacterium; D_6__uncultured bacterium	0.0	0.00832072617246596	0.036571428571428574	0.004895960832313341	0.013745704467353952	0.005706134094151213	0.0	0.008706467661691543	0.008083140877598153	0.004016064257028112	0.0	0.014992503748125937	0.011904761904761904	0.02030456852791878	0.008888888888888889	0.01738122827346466	0.03333333333333333	0.020833333333333332	0.009499683343888538	0.0	0.016025641025641024	0.027308192457737322
1f597a0ae73b8e940ddbafe8f2483bda	D_0__Bacteria; D_1__Proteobacteria; D_2__Alphaproteobacteria; D_3__Rickettsiales; D_4__Mitochondria; D_5__uncultured bacterium; D_6__uncultured bacterium	0.0	0.0	0.0	0.0	0.0	0.03566333808844508	0.0	0.0	0.0	0.0	0.0	0.0	0.0	0.0	0.0	0.0	0.0	0.0	0.0	0.0	0.0	0.0
394f6e504cbc964068f9abf18809b3db	D_0__Bacteria; D_1__Proteobacteria; D_2__Alphaproteobacteria; D_3__Rickettsiales; D_4__Mitochondria; D_5__uncultured bacterium; D_6__uncultured bacterium	0.0	0.0	0.0	0.0	0.03436426116838488	0.0	0.0	0.0	0.0	0.0	0.0	0.0	0.0	0.0	0.0	0.0	0.0	0.0	0.0	0.0	0.0	0.0
3a692c573f1c89e26f98a8c357a10a96	D_0__Bacteria; D_1__Proteobacteria; D_2__Alphaproteobacteria; D_3__Rickettsiales; D_4__Mitochondria; D_5__uncultured bacterium; D_6__uncultured bacterium	0.0	0.0340393343419062	0.0	0.008567931456548347	0.013745704467353952	0.0	0.028225806451612902	0.0	0.0	0.03413654618473896	0.0	0.0	0.0	0.0	0.0	0.0	0.0	0.0	0.02089930335655478	0.019487179487179488	0.016826923076923076	0.0
5c9fe7b818527a8eb68f7fce7bf96497	D_0__Bacteria; D_1__Proteobacteria; D_2__Alphaproteobacteria; D_3__Rickettsiales; D_4__Mitochondria; D_5__uncultured bacterium; D_6__uncultured bacterium	0.0	0.0	0.0	0.0	0.0	0.0	0.0	0.0	0.0	0.03413654618473896	0.0	0.0	0.0	0.0	0.0	0.0	0.0	0.0	0.0	0.0	0.0	0.0
f66fa1552171d99f3cc421d912a557c3	D_0__Bacteria; D_1__Proteobacteria; D_2__Alphaproteobacteria; D_3__Rickettsiales; D_4__Mitochondria; D_5__uncultured bacterium; D_6__uncultured bacterium	0.011356466876971609	0.012859304084720122	0.0	0.014687882496940025	0.0	0.0	0.0	0.0	0.017321016166281754	0.0	0.0	0.020989505247376312	0.0	0.0	0.034074074074074076	0.0	0.0	0.0	0.023432552248258392	0.0	0.0	0.0
75fce2a3683208635de735896c4219a5	D_0__Bacteria; D_1__Proteobacteria; D_2__Alphaproteobacteria; D_3__Rickettsiales; D_4__Mitochondria; D_5__uncultured bacterium; D_6__uncultured bacterium	0.010094637223974764	0.0	0.0	0.0	0.0	0.0	0.0	0.0	0.0	0.0	0.0	0.0	0.0	0.0	0.0	0.0220162224797219	0.03333333333333333	0.0	0.0	0.0	0.0	0.013003901170351105
06a351dd1391a0a493830697617f03ee	D_0__Bacteria; D_1__Proteobacteria; D_2__Alphaproteobacteria; D_3__Rickettsiales; D_4__Mitochondria; D_5__uncultured bacterium; D_6__uncultured bacterium	0.0	0.0	0.0	0.0	0.0	0.0	0.0	0.0	0.0	0.0321285140562249	0.0	0.004497751124437781	0.0	0.0	0.0	0.006952491309385863	0.0	0.0	0.0	0.0	0.0	0.0
e4d31c2fe01da2819911e0057f2162c1	D_0__Bacteria; D_1__Proteobacteria; D_2__Alphaproteobacteria; D_3__Rickettsiales; D_4__Mitochondria; D_5__uncultured bacterium; D_6__uncultured bacterium	0.0	0.0	0.0	0.0	0.0	0.0	0.0	0.0	0.0	0.0321285140562249	0.0	0.0	0.0	0.0	0.0	0.0	0.0	0.0	0.0	0.0	0.0	0.0
4a0901e027bdb9ce716b2c238ec6953a	D_0__Bacteria; D_1__Proteobacteria; D_2__Alphaproteobacteria; D_3__Rickettsiales; D_4__Mitochondria; D_5__metagenome; D_6__metagenome	0.0	0.0	0.0	0.0	0.0	0.0	0.0	0.0	0.0	0.0	0.005285412262156448	0.0	0.0	0.0	0.0	0.0	0.0	0.03125	0.0	0.0	0.0	0.0
8a5c465b69db5b2c056a303f4f1f20f4	D_0__Bacteria; D_1__Proteobacteria; D_2__Alphaproteobacteria; D_3__Rickettsiales; D_4__Mitochondria; D_5__uncultured bacterium; D_6__uncultured bacterium	0.0	0.0	0.0	0.0	0.0	0.0	0.0	0.0	0.0	0.0	0.0	0.0	0.0	0.0	0.013333333333333334	0.009269988412514484	0.0	0.03125	0.0	0.0	0.0	0.0
31cdc80749c68444967558c828edd101	D_0__Bacteria; D_1__Proteobacteria; D_2__Alphaproteobacteria; D_3__Rickettsiales; D_4__Mitochondria; D_5__uncultured bacterium; D_6__uncultured bacterium	0.0	0.0	0.013714285714285714	0.0	0.030927835051546393	0.011412268188302425	0.008064516129032258	0.0236318407960199	0.011547344110854504	0.0	0.0	0.013493253373313344	0.0	0.0	0.0	0.0	0.0	0.0	0.0	0.0	0.0	0.0
97462d8d75b37aae32ed952a4014e917	D_0__Bacteria; D_1__Proteobacteria; D_2__Alphaproteobacteria; D_3__Rickettsiales; D_4__Mitochondria; D_5__marine metagenome; D_6__marine metagenome	0.0	0.0	0.0	0.0	0.0	0.0	0.030913978494623656	0.0	0.0	0.0	0.0	0.0	0.0	0.0	0.0	0.0	0.0	0.0	0.0	0.0	0.0	0.0
bd817a444e5c803f270d06503657a71a	D_0__Bacteria; D_1__Proteobacteria; D_2__Alphaproteobacteria; D_3__Rickettsiales; D_4__Mitochondria; D_5__metagenome; D_6__metagenome	0.0037854889589905363	0.01361573373676248	0.0	0.030599755201958383	0.0	0.0	0.004032258064516129	0.004975124378109453	0.015011547344110854	0.0	0.0	0.0	0.00974025974025974	0.008460236886632826	0.007407407407407408	0.019698725376593278	0.0	0.0	0.005699810006333122	0.0	0.0	0.009102730819245773
5bf3baaea9ba9a4551c1f2240c1c334b	D_0__Bacteria; D_1__Proteobacteria; D_2__Alphaproteobacteria; D_3__Rickettsiales; D_4__Mitochondria; D_5__marine metagenome; D_6__marine metagenome	0.0	0.0	0.0	0.0	0.0	0.0	0.0	0.0	0.0	0.0	0.02959830866807611	0.0	0.0	0.0	0.0	0.0	0.0	0.0	0.0	0.0	0.0	0.0
3f99a2ab373e007012fd3deb08649340	D_0__Bacteria; D_1__Proteobacteria; D_2__Alphaproteobacteria; D_3__Rickettsiales; D_4__Mitochondria; D_5__uncultured bacterium; D_6__uncultured bacterium	0.0	0.0	0.0	0.0	0.0	0.0	0.0	0.0	0.0	0.0	0.0	0.0	0.0	0.0	0.0	0.028968713789107765	0.0	0.0	0.0	0.0	0.0	0.0
8da386a2b62a188f2114eb20c115cc4b	D_0__Bacteria; D_1__Proteobacteria; D_2__Alphaproteobacteria; D_3__Rickettsiales; D_4__Mitochondria; D_5__uncultured bacterium; D_6__uncultured bacterium	0.0	0.0	0.02857142857142857	0.0	0.0	0.0	0.0	0.0	0.0	0.0	0.0	0.0	0.016233766233766232	0.0	0.0	0.0	0.0	0.0	0.0	0.0	0.0	0.0
202af790211c70370d7a0a1ebc30f4d8	D_0__Bacteria; D_1__Proteobacteria; D_2__Alphaproteobacteria; D_3__Rickettsiales; D_4__Mitochondria; D_5__marine metagenome; D_6__marine metagenome	0.0	0.0	0.0	0.0	0.0	0.028530670470756064	0.0	0.0	0.0	0.014056224899598393	0.0	0.0	0.0	0.0	0.0	0.0	0.0	0.0	0.0	0.0	0.022435897435897436	0.0
b4b8815b8cabae5389e08f39cc114a6e	D_0__Bacteria; D_1__Proteobacteria; D_2__Alphaproteobacteria; D_3__Rickettsiales; D_4__Mitochondria; D_5__uncultured bacterium; D_6__uncultured bacterium	0.0	0.0	0.019428571428571427	0.0	0.0	0.02710413694721826	0.01478494623655914	0.0	0.012702078521939953	0.0	0.0	0.0	0.0	0.0	0.0	0.0	0.0	0.0	0.0	0.0	0.0	0.0
59d4ce004e83d4f3c73e09b0bf08fbdf	D_0__Bacteria; D_1__Proteobacteria; D_2__Alphaproteobacteria; D_3__Rickettsiales; D_4__Mitochondria; D_5__uncultured bacterium; D_6__uncultured bacterium	0.024605678233438486	0.0	0.0	0.0	0.0	0.0	0.0	0.0	0.0	0.0	0.026427061310782242	0.0	0.0	0.0	0.0	0.0	0.0	0.0	0.006966434452184927	0.0	0.016826923076923076	0.0
7e7b8df8f7d5ae8860fe077398e75a89	D_0__Bacteria; D_1__Proteobacteria; D_2__Alphaproteobacteria; D_3__Rickettsiales; D_4__Mitochondria; D_5__uncultured bacterium; D_6__uncultured bacterium	0.025236593059936908	0.0226928895612708	0.026285714285714287	0.009791921664626682	0.022336769759450172	0.025677603423680456	0.01747311827956989	0.013681592039800995	0.017321016166281754	0.004016064257028112	0.0	0.01199400299850075	0.0	0.0	0.0	0.0	0.0	0.0	0.011399620012666244	0.01641025641025641	0.021634615384615384	0.0
dee6e524bc459c14794448bbf6675690	D_0__Bacteria; D_1__Proteobacteria; D_2__Alphaproteobacteria; D_3__Rickettsiales; D_4__Mitochondria; D_5__uncultured bacterium; D_6__uncultured bacterium	0.0031545741324921135	0.0	0.0	0.0	0.0	0.007132667617689016	0.0	0.009950248756218905	0.0	0.02610441767068273	0.0	0.0	0.0	0.0	0.0	0.0	0.0	0.0	0.0	0.0	0.0	0.0
34866adcbc1909b21070ccd9bd05f8bb	D_0__Bacteria; D_1__Proteobacteria; D_2__Alphaproteobacteria; D_3__Rickettsiales; D_4__Mitochondria; D_5__metagenome; D_6__metagenome	0.0	0.0	0.0	0.0	0.0	0.0	0.0	0.0	0.0	0.0	0.0	0.0	0.0	0.0	0.0	0.0	0.0	0.0	0.025965801139962	0.0	0.00641025641025641	0.0
8e313cad7e7984eb915de7b619ce2308	D_0__Bacteria; D_1__Proteobacteria; D_2__Alphaproteobacteria; D_3__Rickettsiales; D_4__Mitochondria; D_5__Proteobacteria bacterium JGI 0000113-D06; D_6__Proteobacteria bacterium JGI 0000113-D06	0.0	0.0	0.0	0.0	0.0	0.017118402282453638	0.0	0.0	0.0	0.0	0.0	0.0	0.0	0.0	0.0	0.0	0.0	0.0	0.0	0.02564102564102564	0.0	0.0
c7d3ac0004f58a64506a59eba3be7749	D_0__Bacteria; D_1__Proteobacteria; D_2__Alphaproteobacteria; D_3__Rickettsiales; D_4__Mitochondria; D_5__Proteobacteria bacterium JGI 0000113-D06; D_6__Proteobacteria bacterium JGI 0000113-D06	0.0	0.0	0.0	0.0	0.0	0.019971469329529243	0.025537634408602152	0.0	0.0	0.0	0.0	0.0	0.0	0.0	0.0	0.0	0.0	0.0	0.0	0.0	0.0	0.0
3eb0d73f00eeadfc0b1c5927ee42948a	D_0__Bacteria; D_1__Proteobacteria; D_2__Alphaproteobacteria; D_3__Rickettsiales; D_4__Mitochondria; D_5__uncultured bacterium; D_6__uncultured bacterium	0.0	0.0	0.0	0.0	0.0	0.0	0.0	0.0	0.0	0.0	0.02536997885835095	0.0	0.0	0.008460236886632826	0.0	0.0	0.0	0.0	0.0	0.0	0.0	0.0
0f56a2641429294e98a5ebe96c9dbaf9	D_0__Bacteria; D_1__Proteobacteria; D_2__Alphaproteobacteria; D_3__Rickettsiales; D_4__Mitochondria; D_5__uncultured bacterium; D_6__uncultured bacterium	0.0	0.0	0.0	0.004895960832313341	0.0	0.0	0.0	0.012437810945273632	0.0	0.01606425702811245	0.02536997885835095	0.0	0.0	0.0	0.014814814814814815	0.0	0.0	0.0	0.0	0.0	0.0	0.0
569cc22de7d3210e07282c09345015a5	D_0__Bacteria; D_1__Proteobacteria; D_2__Alphaproteobacteria; D_3__Rickettsiales; D_4__Mitochondria; D_5__uncultured bacterium; D_6__uncultured bacterium	0.0	0.0	0.0	0.0	0.0	0.0042796005706134095	0.002688172043010753	0.0	0.0	0.0	0.0	0.0	0.0	0.0	0.025185185185185185	0.0	0.0	0.0	0.01266624445851805	0.0	0.0	0.0
0b05907d656c71027e0f7a107d901c38	D_0__Bacteria; D_1__Proteobacteria; D_2__Alphaproteobacteria; D_3__Rickettsiales; D_4__Mitochondria; D_5__uncultured bacterium; D_6__uncultured bacterium	0.0	0.0	0.0	0.009791921664626682	0.010309278350515464	0.0	0.0	0.0	0.0	0.0	0.024312896405919663	0.0	0.0	0.0	0.0	0.0	0.0	0.0	0.0	0.0	0.003205128205128205	0.013003901170351105
49707ee54982bf21028f52c07d572ade	D_0__Bacteria; D_1__Proteobacteria; D_2__Alphaproteobacteria; D_3__Rickettsiales; D_4__Mitochondria; D_5__uncultured bacterium; D_6__uncultured bacterium	0.0	0.0	0.0	0.0	0.0	0.0	0.0	0.0	0.02424942263279446	0.0	0.0	0.0	0.0	0.0	0.0	0.0	0.0	0.0	0.0	0.0	0.0	0.0
e02ab071fc122735e99f0de812d98583	D_0__Bacteria; D_1__Proteobacteria; D_2__Alphaproteobacteria; D_3__Rickettsiales; D_4__Mitochondria; D_5__uncultured bacterium; D_6__uncultured bacterium	0.0	0.01059001512859304	0.004571428571428572	0.0	0.0	0.0	0.0	0.0	0.0	0.0	0.003171247357293869	0.01199400299850075	0.0	0.005076142131979695	0.023703703703703703	0.0	0.0	0.0	0.0	0.0	0.007211538461538462	0.0
d5fe97d1b73962de31ad5cd2c7b086d6	D_0__Bacteria; D_1__Proteobacteria; D_2__Alphaproteobacteria; D_3__Rickettsiales; D_4__Mitochondria; D_5__uncultured bacterium; D_6__uncultured bacterium	0.0	0.0	0.0	0.0	0.0	0.0	0.0	0.0	0.0	0.0	0.0	0.004497751124437781	0.0	0.023688663282571912	0.0	0.0	0.0	0.0	0.0	0.0	0.0	0.0
1e70074303814dfb77b07bf575161f0b	D_0__Bacteria; D_1__Proteobacteria; D_2__Alphaproteobacteria; D_3__Rickettsiales; D_4__Mitochondria; D_5__uncultured bacterium; D_6__uncultured bacterium	0.0	0.0	0.0	0.0	0.0	0.0	0.0	0.0	0.0	0.0	0.0	0.0	0.0	0.023688663282571912	0.0	0.0	0.0	0.0	0.0	0.0	0.0	0.0
6ac0657a9664e5f1ee58b050d54bd75d	D_0__Bacteria; D_1__Proteobacteria; D_2__Alphaproteobacteria; D_3__Rickettsiales; D_4__Mitochondria; D_5__uncultured bacterium; D_6__uncultured bacterium	0.0	0.0	0.0	0.0	0.0	0.0	0.0	0.0236318407960199	0.0	0.0	0.0	0.0	0.0	0.0	0.0	0.0	0.0	0.0	0.0	0.0	0.0	0.0
57668aab31b8187be16b19d5d7444135	D_0__Bacteria; D_1__Proteobacteria; D_2__Alphaproteobacteria; D_3__Rickettsiales; D_4__Mitochondria; D_5__uncultured bacterium; D_6__uncultured bacterium	0.0	0.0	0.0	0.0	0.020618556701030927	0.0	0.0	0.0236318407960199	0.0	0.012048192771084338	0.0	0.0	0.0	0.005076142131979695	0.0	0.006952491309385863	0.0	0.0	0.006333122229259025	0.0	0.003205128205128205	0.022106631989596878
b327f185c9216c6c068e595375f42538	D_0__Bacteria; D_1__Proteobacteria; D_2__Alphaproteobacteria; D_3__Rickettsiales; D_4__Mitochondria; D_5__uncultured bacterium; D_6__uncultured bacterium	0.016403785488958992	0.0	0.0	0.012239902080783354	0.0	0.0	0.0	0.022388059701492536	0.0	0.0	0.007399577167019027	0.004497751124437781	0.0	0.00338409475465313	0.0	0.0034762456546929316	0.0	0.0	0.0	0.0	0.0	0.0
852ab545d79d1dab45cdea88fbc2a84c	D_0__Bacteria; D_1__Proteobacteria; D_2__Alphaproteobacteria; D_3__Rickettsiales; D_4__Mitochondria; D_5__uncultured bacterium; D_6__uncultured bacterium	0.0	0.00680786686838124	0.0	0.0	0.022336769759450172	0.0	0.010752688172043012	0.0	0.0	0.0	0.0	0.0	0.0	0.0	0.0	0.0	0.0	0.0	0.0	0.0	0.01842948717948718	0.0
031b680cda8a8971f7876aae2a4a26d7	D_0__Bacteria; D_1__Proteobacteria; D_2__Alphaproteobacteria; D_3__Rickettsiales; D_4__Mitochondria; D_5__uncultured bacterium; D_6__uncultured bacterium	0.0	0.0	0.0	0.0	0.022336769759450172	0.0	0.0	0.0	0.0	0.0	0.0	0.0	0.0	0.0	0.0	0.0	0.0	0.0	0.0	0.0	0.0	0.0
c628eb03e634f51df72da487d4739372	D_0__Bacteria; D_1__Proteobacteria; D_2__Alphaproteobacteria; D_3__Rickettsiales; D_4__Mitochondria; D_5__uncultured bacterium; D_6__uncultured bacterium	0.0	0.0	0.0	0.0	0.0	0.0	0.0	0.0	0.0	0.0	0.0	0.0	0.0	0.0	0.0	0.0	0.022222222222222223	0.0	0.0	0.0	0.0	0.0
d0b830c67db33b35858e2dae55893177	D_0__Bacteria; D_1__Proteobacteria; D_2__Alphaproteobacteria; D_3__Rickettsiales; D_4__Mitochondria; D_5__uncultured bacterium; D_6__uncultured bacterium	0.004416403785488959	0.0	0.0	0.019583843329253364	0.0	0.0	0.0	0.0	0.0	0.0	0.0	0.010494752623688156	0.015151515151515152	0.015228426395939087	0.022222222222222223	0.0	0.0	0.0	0.013932868904369854	0.0	0.0	0.0
75686c875d097f981c602d7095b05105	D_0__Bacteria; D_1__Proteobacteria; D_2__Alphaproteobacteria; D_3__Rickettsiales; D_4__Mitochondria	0.002523659305993691	0.0	0.0	0.0	0.0	0.0	0.0	0.0	0.0	0.0	0.0	0.0	0.0	0.0	0.0	0.0	0.022222222222222223	0.0	0.0	0.0	0.0	0.0
8f789b71dff49e89f413992f3513fdfa	D_0__Bacteria; D_1__Proteobacteria; D_2__Alphaproteobacteria; D_3__Rickettsiales; D_4__Mitochondria; D_5__uncultured bacterium; D_6__uncultured bacterium	0.006309148264984227	0.0	0.0	0.0	0.0	0.0	0.0	0.0	0.0	0.0	0.0	0.008995502248875561	0.005411255411255411	0.0	0.016296296296296295	0.010428736964078795	0.022222222222222223	0.0	0.0	0.0	0.0	0.0
97b512507bfe6f0c1cb7f74ee29605f0	D_0__Bacteria; D_1__Proteobacteria; D_2__Alphaproteobacteria; D_3__Rickettsiales; D_4__Mitochondria; D_5__uncultured bacterium; D_6__uncultured bacterium	0.008832807570977918	0.0	0.0	0.0	0.0	0.0	0.0	0.0	0.0	0.02208835341365462	0.0	0.0	0.0	0.0	0.0	0.0	0.0	0.0	0.0	0.0	0.0	0.0
71790279d8129c715b8e99df5151b25b	D_0__Bacteria; D_1__Proteobacteria; D_2__Alphaproteobacteria; D_3__Rickettsiales; D_4__Mitochondria; D_5__uncultured bacterium; D_6__uncultured bacterium	0.0	0.0	0.0	0.0	0.0	0.0	0.0	0.0	0.0	0.02208835341365462	0.0	0.0	0.0	0.0	0.0	0.0	0.0	0.0	0.0	0.0	0.0	0.0
6951b7fb1879812801a98ede0a846576	D_0__Bacteria; D_1__Proteobacteria; D_2__Alphaproteobacteria; D_3__Rickettsiales; D_4__Mitochondria	0.0	0.0	0.0	0.0	0.0	0.0	0.021505376344086023	0.0	0.009237875288683603	0.0	0.0	0.017991004497751123	0.0	0.0	0.0	0.0	0.0	0.0	0.0	0.0	0.0	0.0
b7ac19f7d67ebc4817d603a23c16bba2	D_0__Bacteria; D_1__Proteobacteria; D_2__Alphaproteobacteria; D_3__Rickettsiales; D_4__Mitochondria; D_5__uncultured bacterium; D_6__uncultured bacterium	0.02145110410094637	0.006051437216338881	0.0	0.0	0.0	0.0	0.0	0.0	0.0	0.0	0.0	0.0	0.0	0.0	0.0	0.0	0.0	0.0	0.0	0.0	0.0	0.0
1d4c81120d1f75d089aca2353f4f811d	D_0__Bacteria; D_1__Proteobacteria; D_2__Alphaproteobacteria; D_3__Rickettsiales; D_4__Mitochondria; D_5__uncultured bacterium; D_6__uncultured bacterium	0.004416403785488959	0.0	0.013714285714285714	0.0	0.0	0.021398002853067047	0.01881720430107527	0.014925373134328358	0.010392609699769052	0.0	0.0	0.0	0.0	0.0	0.002962962962962963	0.009269988412514484	0.0	0.0	0.0	0.0	0.0	0.0
42d61716d82451c420cf01e00529e997	D_0__Bacteria; D_1__Proteobacteria; D_2__Alphaproteobacteria; D_3__Rickettsiales; D_4__Mitochondria; D_5__metagenome; D_6__metagenome	0.0	0.0	0.006857142857142857	0.0	0.0	0.0	0.0	0.021144278606965175	0.0	0.0	0.0	0.0	0.0	0.0	0.0	0.0	0.0	0.0	0.0	0.0	0.0	0.0
01b4e3adf78abba0fe9db61e41b4a021	D_0__Bacteria; D_1__Proteobacteria; D_2__Alphaproteobacteria; D_3__Rickettsiales; D_4__Mitochondria; D_5__uncultured bacterium; D_6__uncultured bacterium	0.0	0.0022692889561270802	0.011428571428571429	0.0	0.0	0.0	0.0013440860215053765	0.0	0.003464203233256351	0.0	0.021141649048625793	0.0	0.0	0.0	0.0	0.0	0.0	0.0	0.0	0.0	0.0	0.0
c0c71da6af89a3fb6a0a7af03c5e929f	D_0__Bacteria; D_1__Proteobacteria; D_2__Alphaproteobacteria; D_3__Rickettsiales; D_4__Mitochondria; D_5__uncultured bacterium; D_6__uncultured bacterium	0.0	0.009077155824508321	0.0	0.017135862913096694	0.0	0.0	0.005376344086021506	0.0	0.0	0.0	0.021141649048625793	0.0	0.0	0.01015228426395939	0.0	0.0	0.0	0.0	0.01266624445851805	0.0	0.003205128205128205	0.0039011703511053317
987edc85c4da5f03b4646ce65e252aec	D_0__Bacteria; D_1__Proteobacteria; D_2__Alphaproteobacteria; D_3__Rickettsiales; D_4__Mitochondria; D_5__uncultured bacterium; D_6__uncultured bacterium	0.0	0.0	0.0	0.0	0.0	0.0	0.0	0.0	0.0	0.0	0.0	0.0	0.0	0.0	0.0	0.0	0.0	0.020833333333333332	0.0	0.0	0.0	0.0
cdee502d4ba305bf17657867b74acc13	D_0__Bacteria; D_1__Proteobacteria; D_2__Alphaproteobacteria; D_3__Rickettsiales; D_4__Mitochondria; D_5__uncultured bacterium; D_6__uncultured bacterium	0.0	0.0	0.0	0.0	0.0	0.0	0.0	0.0	0.0	0.0	0.0	0.0	0.0	0.0	0.0	0.0	0.0	0.020833333333333332	0.0	0.0	0.0	0.0
3bb94b4686be540d8984f9ee5d4d7f55	D_0__Bacteria; D_1__Proteobacteria; D_2__Alphaproteobacteria; D_3__Rickettsiales; D_4__Mitochondria; D_5__uncultured bacterium; D_6__uncultured bacterium	0.0	0.0	0.0	0.0	0.0	0.0	0.0	0.0	0.020785219399538105	0.0	0.0	0.0	0.016233766233766232	0.0	0.0	0.0	0.0	0.0	0.0	0.014358974358974359	0.0	0.0
0ccf5cf75596f2cd40aa7332e542f58c	D_0__Bacteria; D_1__Proteobacteria; D_2__Alphaproteobacteria; D_3__Rickettsiales; D_4__Mitochondria; D_5__uncultured bacterium; D_6__uncultured bacterium	0.0	0.0	0.02057142857142857	0.0	0.0	0.0	0.0	0.0	0.0	0.0	0.0	0.0	0.0	0.0	0.0	0.0	0.0	0.0	0.0	0.0	0.0	0.0
74fb6c63a675d36a7916247ff7d3dc0b	D_0__Bacteria; D_1__Proteobacteria; D_2__Alphaproteobacteria; D_3__Rickettsiales; D_4__Mitochondria; D_5__uncultured bacterium; D_6__uncultured bacterium	0.0	0.0	0.0	0.0	0.0	0.0	0.0	0.0	0.0	0.020080321285140562	0.0	0.0	0.0	0.0	0.0	0.0	0.0	0.0	0.0	0.0	0.0	0.0
2c4051f8311421313df6d7575a9f93eb	D_0__Bacteria; D_1__Proteobacteria; D_2__Alphaproteobacteria; D_3__Rickettsiales; D_4__Mitochondria; D_5__uncultured bacterium; D_6__uncultured bacterium	0.0	0.0022692889561270802	0.0	0.0	0.0	0.0	0.0	0.0	0.0	0.0	0.0	0.019490254872563718	0.0	0.0	0.0	0.0	0.0	0.0	0.0	0.0	0.0	0.0
1c646af6186bcebf514c96c6dbdc1f1f	D_0__Bacteria; D_1__Proteobacteria; D_2__Alphaproteobacteria; D_3__Rickettsiales; D_4__Mitochondria; D_5__uncultured bacterium; D_6__uncultured bacterium	0.0	0.0	0.0	0.0	0.0	0.0	0.0	0.0	0.0	0.0	0.0	0.0	0.0	0.0	0.01925925925925926	0.0	0.0	0.0	0.0	0.0	0.0	0.0
62d145573e1fc207d272d7adbfd3008e	D_0__Bacteria; D_1__Proteobacteria; D_2__Alphaproteobacteria; D_3__Rickettsiales; D_4__Mitochondria; D_5__uncultured bacterium; D_6__uncultured bacterium	0.0018927444794952682	0.0	0.008	0.0	0.0	0.0	0.0	0.0	0.0	0.0	0.0	0.013493253373313344	0.0	0.0	0.01925925925925926	0.010428736964078795	0.0	0.0	0.0	0.0	0.0	0.0
db5f5a9dc64148b7d94b62d6c9637332	D_0__Bacteria; D_1__Proteobacteria; D_2__Alphaproteobacteria; D_3__Rickettsiales; D_4__Mitochondria; D_5__Proteobacteria bacterium JGI 0000113-D06; D_6__Proteobacteria bacterium JGI 0000113-D06	0.0	0.018910741301059002	0.0	0.0	0.0	0.0	0.0	0.0	0.0	0.0	0.0	0.0	0.0	0.0	0.0	0.0	0.0	0.0	0.0	0.0	0.0	0.0
a0115c5c697089978344462c4ee608cc	D_0__Bacteria; D_1__Proteobacteria; D_2__Alphaproteobacteria; D_3__Rickettsiales; D_4__Mitochondria; D_5__uncultured bacterium; D_6__uncultured bacterium	0.0	0.0	0.0	0.0	0.018900343642611683	0.0	0.0	0.0	0.0	0.0	0.0	0.0	0.0	0.0	0.0	0.0	0.0	0.0	0.0	0.0	0.0	0.0
9b965e331d98cc0e612e8df06474ad68	D_0__Bacteria; D_1__Proteobacteria; D_2__Alphaproteobacteria; D_3__Rickettsiales; D_4__Mitochondria	0.0	0.0	0.0	0.0	0.018900343642611683	0.0	0.0	0.0	0.0	0.0	0.0	0.0	0.0	0.0	0.0	0.0	0.0	0.0	0.0	0.0	0.0	0.0
04a19e31da9d1206ab74811fdf7f16b8	D_0__Bacteria; D_1__Proteobacteria; D_2__Alphaproteobacteria; D_3__Rickettsiales; D_4__Mitochondria; D_5__uncultured bacterium; D_6__uncultured bacterium	0.0	0.0	0.0	0.0	0.003436426116838488	0.0	0.0	0.0	0.0	0.0	0.0	0.0	0.015151515151515152	0.018612521150592216	0.017777777777777778	0.004634994206257242	0.0	0.0	0.0	0.0	0.0	0.0
e133441a5e9132fa04e3b8a418850fff	D_0__Bacteria; D_1__Proteobacteria; D_2__Alphaproteobacteria; D_3__Rickettsiales; D_4__Mitochondria; D_5__uncultured bacterium; D_6__uncultured bacterium	0.0	0.0	0.0	0.0	0.0	0.0	0.0	0.0	0.0	0.0	0.0	0.0	0.0	0.018612521150592216	0.0	0.002317497103128621	0.0	0.0	0.0	0.0	0.0	0.0
347b46b821b930da11172bb8eac20357	D_0__Bacteria; D_1__Proteobacteria; D_2__Alphaproteobacteria; D_3__Rickettsiales; D_4__Mitochondria; D_5__uncultured bacterium; D_6__uncultured bacterium	0.0	0.0	0.0	0.0	0.0	0.0	0.012096774193548387	0.0	0.018475750577367205	0.010040160642570281	0.0	0.0	0.0	0.0	0.0	0.0	0.0	0.0	0.0	0.0	0.01201923076923077	0.0
24a7ab485b578b93d42fbee71a6884b1	D_0__Bacteria; D_1__Proteobacteria; D_2__Alphaproteobacteria; D_3__Rickettsiales; D_4__Mitochondria; D_5__uncultured bacterium; D_6__uncultured bacterium	0.0	0.0	0.0	0.0	0.0	0.0	0.0	0.0	0.018475750577367205	0.0	0.0	0.0	0.0	0.0	0.0	0.0	0.0	0.0	0.0	0.0	0.0	0.0
b746f4ad583e31e8e3244a9b720a23cd	D_0__Bacteria; D_1__Proteobacteria; D_2__Alphaproteobacteria; D_3__Rickettsiales; D_4__Mitochondria; D_5__uncultured bacterium; D_6__uncultured bacterium	0.0	0.0	0.009142857142857144	0.008567931456548347	0.0	0.0	0.0	0.0	0.0	0.0	0.0	0.008995502248875561	0.0183982683982684	0.0	0.0	0.011587485515643106	0.0	0.0	0.004433185560481318	0.0	0.0	0.0
38a10260c8dd91138f3cd866ba25873f	D_0__Bacteria; D_1__Proteobacteria; D_2__Alphaproteobacteria; D_3__Rickettsiales; D_4__Mitochondria; D_5__marine metagenome; D_6__marine metagenome	0.015141955835962145	0.0	0.0	0.0	0.0	0.0	0.0	0.0	0.0	0.0	0.0	0.005997001499250375	0.0	0.0	0.0	0.0	0.0	0.0	0.01836605446485117	0.0	0.0	0.0
93c8f28d27d1648333be699d58097a6a	D_0__Bacteria; D_1__Proteobacteria; D_2__Alphaproteobacteria; D_3__Rickettsiales; D_4__Mitochondria; D_5__uncultured bacterium; D_6__uncultured bacterium	0.0056782334384858045	0.0113464447806354	0.0	0.0	0.0	0.0	0.0	0.0	0.0	0.0	0.011627906976744186	0.017991004497751123	0.0	0.0	0.0	0.0	0.0	0.0	0.0	0.0	0.0	0.0
2b7cbf076ae9bbf666129dc415f8a5f3	D_0__Bacteria; D_1__Proteobacteria; D_2__Alphaproteobacteria; D_3__Rickettsiales; D_4__Mitochondria; D_5__uncultured bacterium; D_6__uncultured bacterium	0.0	0.0	0.0	0.0	0.0	0.0	0.0	0.0	0.0	0.0	0.0	0.0	0.0	0.0	0.017777777777777778	0.0	0.0	0.0	0.0	0.0	0.0	0.0
ae87fe7599cba19461162aefe15a9a3a	D_0__Bacteria; D_1__Proteobacteria; D_2__Alphaproteobacteria; D_3__Rickettsiales; D_4__Mitochondria; D_5__uncultured bacterium; D_6__uncultured bacterium	0.0	0.0	0.0	0.0	0.0	0.0	0.0	0.0	0.0	0.0	0.0	0.0	0.0	0.0	0.017777777777777778	0.0	0.0	0.0	0.0	0.0	0.0	0.0
6270485748b53032b0a80279cc78762e	D_0__Bacteria; D_1__Proteobacteria; D_2__Alphaproteobacteria; D_3__Rickettsiales; D_4__Mitochondria; D_5__uncultured bacterium; D_6__uncultured bacterium	0.0	0.0	0.0	0.0	0.0	0.0	0.0	0.0	0.0	0.0	0.0	0.0	0.0	0.0	0.017777777777777778	0.005793742757821553	0.0	0.0	0.0	0.0	0.0	0.0
acbd3d531cc84db55b185e87976ac48b	D_0__Bacteria; D_1__Proteobacteria; D_2__Alphaproteobacteria; D_3__Rickettsiales; D_4__Mitochondria; D_5__uncultured bacterium; D_6__uncultured bacterium	0.0	0.0	0.0	0.0	0.0	0.0	0.0	0.017412935323383085	0.0	0.0	0.0	0.0	0.0	0.0	0.0	0.0	0.0	0.0	0.0	0.0	0.0	0.0
239379c808ad0318a78df0a16c0ccdd7	D_0__Bacteria; D_1__Proteobacteria; D_2__Alphaproteobacteria; D_3__Rickettsiales; D_4__Mitochondria; D_5__uncultured bacterium; D_6__uncultured bacterium	0.0	0.0	0.0	0.0	0.0	0.0	0.013440860215053764	0.0	0.017321016166281754	0.0	0.0	0.0	0.0	0.0	0.0	0.0	0.0	0.0	0.0	0.0	0.0	0.0
55e88aeaa84091a5317d1df75f4c1c00	D_0__Bacteria; D_1__Proteobacteria; D_2__Alphaproteobacteria; D_3__Rickettsiales; D_4__Mitochondria; D_5__Proteobacteria bacterium JGI 0000113-D06; D_6__Proteobacteria bacterium JGI 0000113-D06	0.0	0.0	0.0	0.0	0.01718213058419244	0.0	0.0	0.0	0.0	0.0	0.0	0.0	0.0	0.0	0.0	0.0	0.0	0.0	0.0	0.0	0.0	0.0
fde1bce00658402e9d16b7eadc75e3c6	D_0__Bacteria; D_1__Proteobacteria; D_2__Alphaproteobacteria; D_3__Rickettsiales; D_4__Mitochondria; D_5__uncultured bacterium; D_6__uncultured bacterium	0.010094637223974764	0.0037821482602118004	0.0	0.009791921664626682	0.012027491408934709	0.0	0.010752688172043012	0.007462686567164179	0.005773672055427252	0.0	0.0	0.010494752623688156	0.0	0.01692047377326565	0.005925925925925926	0.006952491309385863	0.0	0.0	0.00506649778340722	0.0	0.003205128205128205	0.0039011703511053317
97901b320a98b8bf49d54d76be5184a0	D_0__Bacteria; D_1__Proteobacteria; D_2__Alphaproteobacteria; D_3__Rickettsiales; D_4__Mitochondria; D_5__uncultured bacterium; D_6__uncultured bacterium	0.008201892744479496	0.0	0.0	0.006119951040391677	0.0	0.0	0.006720430107526882	0.0	0.010392609699769052	0.014056224899598393	0.0	0.0	0.0	0.0	0.0	0.0	0.0	0.0	0.004433185560481318	0.0	0.005608974358974359	0.016905071521456438
2251163c41d6b815d73efc6cf8eeffd9	D_0__Bacteria; D_1__Proteobacteria; D_2__Alphaproteobacteria; D_3__Rickettsiales; D_4__Mitochondria; D_5__uncultured bacterium; D_6__uncultured bacterium	0.0	0.0	0.0	0.0	0.0	0.0	0.0	0.0	0.0	0.0	0.0	0.01649175412293853	0.008658008658008658	0.0	0.0	0.0	0.0	0.0	0.0	0.0	0.0	0.0
2b43f2656dda825c4338899b1c2bb430	D_0__Bacteria; D_1__Proteobacteria; D_2__Alphaproteobacteria; D_3__Rickettsiales; D_4__Mitochondria; D_5__uncultured bacterium; D_6__uncultured bacterium	0.0	0.0	0.0	0.0	0.0	0.0	0.0	0.0	0.011547344110854504	0.0	0.0	0.0	0.0	0.0	0.0	0.008111239860950173	0.0	0.0	0.0	0.01641025641025641	0.0	0.0
d3d51e7392fc05a32e4d8446269dd95b	D_0__Bacteria; D_1__Proteobacteria; D_2__Alphaproteobacteria; D_3__Rickettsiales; D_4__Mitochondria; D_5__uncultured bacterium; D_6__uncultured bacterium	0.0	0.0	0.0	0.0	0.0	0.0	0.0	0.0	0.0	0.0	0.0	0.0	0.016233766233766232	0.0	0.0	0.0	0.0	0.0	0.0	0.0	0.0	0.0
8c115af3d60731dde7ca3d05cea1c893	D_0__Bacteria; D_1__Proteobacteria; D_2__Alphaproteobacteria; D_3__Rickettsiales; D_4__Mitochondria; D_5__uncultured bacterium; D_6__uncultured bacterium	0.0	0.0	0.0	0.0	0.0	0.0	0.016129032258064516	0.0	0.006928406466512702	0.0	0.0	0.0	0.0	0.0	0.0	0.0	0.0	0.0	0.0	0.0	0.0	0.0
55759ccda93a69d0af43ee9897b834fe	D_0__Bacteria; D_1__Proteobacteria; D_2__Alphaproteobacteria; D_3__Rickettsiales; D_4__Mitochondria; D_5__uncultured bacterium; D_6__uncultured bacterium	0.0	0.0	0.0	0.0	0.0	0.0	0.0	0.0	0.0	0.0	0.015856236786469344	0.0	0.0	0.0	0.0	0.0	0.0	0.0	0.0	0.0	0.0	0.0
93543a10cfe7d86b796c385439292a10	D_0__Bacteria; D_1__Proteobacteria; D_2__Alphaproteobacteria; D_3__Rickettsiales; D_4__Mitochondria	0.0	0.0	0.0	0.0	0.0	0.0	0.0	0.0	0.0	0.0	0.015856236786469344	0.0	0.0	0.0	0.0	0.0	0.0	0.0	0.0	0.0	0.0	0.0
1b755d88f7eed9a9316f2169d7ba463d	D_0__Bacteria; D_1__Proteobacteria; D_2__Alphaproteobacteria; D_3__Rickettsiales; D_4__Mitochondria; D_5__Proteobacteria bacterium JGI 0000113-D06; D_6__Proteobacteria bacterium JGI 0000113-D06	0.0	0.0	0.0	0.006119951040391677	0.0	0.0	0.0	0.0	0.0	0.0	0.0	0.0	0.0	0.00676818950930626	0.0	0.0	0.0	0.0	0.0	0.015384615384615385	0.0	0.0
412555b00b79c9392637863c61db83fa	D_0__Bacteria; D_1__Proteobacteria; D_2__Alphaproteobacteria; D_3__Rickettsiales; D_4__Mitochondria; D_5__uncultured bacterium; D_6__uncultured bacterium	0.015141955835962145	0.0	0.0	0.0	0.0	0.0	0.0	0.0	0.0	0.0	0.0	0.0	0.0	0.0	0.0	0.0	0.0	0.0	0.0	0.0	0.0	0.013003901170351105
ccdd716c619f232c27dbb47b4d2ccbd2	D_0__Bacteria; D_1__Proteobacteria; D_2__Alphaproteobacteria; D_3__Rickettsiales; D_4__Mitochondria; D_5__uncultured bacterium; D_6__uncultured bacterium	0.0	0.0	0.0	0.0	0.0	0.0	0.0	0.0	0.015011547344110854	0.0	0.0	0.0	0.0	0.0	0.0	0.0	0.0	0.0	0.0	0.0	0.0	0.0
d0f494cd7bcd5289cd1c9e4e05bfcf87	D_0__Bacteria; D_1__Proteobacteria; D_2__Alphaproteobacteria; D_3__Rickettsiales; D_4__Mitochondria; D_5__uncultured bacterium; D_6__uncultured bacterium	0.0	0.0	0.0	0.0	0.0	0.0	0.0	0.0	0.0	0.0	0.0	0.0	0.0	0.0	0.014814814814814815	0.0	0.0	0.0	0.0	0.0	0.0	0.0
8be441bcd2f9db6ed46895e603839f6e	D_0__Bacteria; D_1__Proteobacteria; D_2__Alphaproteobacteria; D_3__Rickettsiales; D_4__Mitochondria; D_5__metagenome; D_6__metagenome	0.0	0.0	0.0	0.0	0.0	0.0	0.0	0.0	0.0	0.012048192771084338	0.0	0.0	0.0	0.0	0.0	0.0	0.0	0.0	0.014566181127295756	0.0	0.0	0.0
0436ffee05d61cf020280eefe171f429	D_0__Bacteria; D_1__Proteobacteria; D_2__Alphaproteobacteria; D_3__Rickettsiales; D_4__Mitochondria; D_5__uncultured bacterium; D_6__uncultured bacterium	0.0	0.0	0.0	0.0	0.0	0.0	0.0	0.0	0.0	0.0	0.0	0.0	0.0	0.0	0.0	0.0	0.0	0.0	0.0	0.014358974358974359	0.0	0.0
54dd4f459250086af2ea410dc88bab31	D_0__Bacteria; D_1__Proteobacteria; D_2__Alphaproteobacteria; D_3__Rickettsiales; D_4__Mitochondria; D_5__metagenome; D_6__metagenome	0.0	0.0	0.0	0.0	0.0	0.0	0.0	0.0	0.0	0.0	0.0	0.0	0.0	0.0	0.0	0.0	0.0	0.0	0.0	0.0	0.0	0.014304291287386216
98da93a2311bdbc4cd86a4995ada7dd9	D_0__Bacteria; D_1__Proteobacteria; D_2__Alphaproteobacteria; D_3__Rickettsiales; D_4__Mitochondria; D_5__uncultured bacterium; D_6__uncultured bacterium	0.008201892744479496	0.0	0.0	0.0	0.0	0.0	0.0	0.0	0.0	0.0	0.0	0.0	0.0	0.0	0.0	0.0	0.0	0.0	0.013932868904369854	0.0	0.0	0.0
6db0b2a17490e3dc904a4773cb62207d	D_0__Bacteria; D_1__Proteobacteria; D_2__Alphaproteobacteria; D_3__Rickettsiales; D_4__Mitochondria; D_5__uncultured bacterium; D_6__uncultured bacterium	0.0	0.0	0.0	0.0	0.0	0.0	0.0	0.0	0.0	0.0	0.0	0.0	0.0	0.0	0.0	0.013904982618771726	0.0	0.0	0.0	0.0	0.0	0.0
938a377e88dd6010c2ae452312a69e7e	D_0__Bacteria; D_1__Proteobacteria; D_2__Alphaproteobacteria; D_3__Rickettsiales; D_4__Mitochondria; D_5__uncultured bacterium; D_6__uncultured bacterium	0.0	0.0	0.0	0.0	0.0	0.0	0.0	0.0	0.013856812933025405	0.0	0.0	0.0	0.0	0.0	0.0	0.0	0.0	0.0	0.0	0.0	0.0	0.0
d15eb7ff77f6d35863a9ef0a3e6cbe3f	D_0__Bacteria; D_1__Proteobacteria; D_2__Alphaproteobacteria; D_3__Rickettsiales; D_4__Mitochondria; D_5__uncultured bacterium; D_6__uncultured bacterium	0.0	0.0	0.0	0.0	0.0	0.0	0.0	0.013681592039800995	0.0	0.0	0.0	0.0	0.0	0.0	0.0	0.0	0.0	0.0	0.0	0.0	0.0	0.0
741bed09c79ab97c53caad3f1303dc7d	D_0__Bacteria; D_1__Proteobacteria; D_2__Alphaproteobacteria; D_3__Rickettsiales; D_4__Mitochondria; D_5__uncultured bacterium; D_6__uncultured bacterium	0.0	0.0	0.0	0.0	0.0	0.0	0.0	0.0	0.0	0.0	0.0	0.0	0.0	0.01353637901861252	0.0	0.0	0.0	0.0	0.0	0.0	0.0	0.0
5df230caf9ce8aea25b6c00221a72671	D_0__Bacteria; D_1__Proteobacteria; D_2__Alphaproteobacteria; D_3__Rickettsiales; D_4__Mitochondria; D_5__metagenome; D_6__metagenome	0.0	0.0	0.0	0.0	0.0	0.0	0.0	0.0	0.0	0.0	0.0	0.01199400299850075	0.0	0.01353637901861252	0.002962962962962963	0.0	0.0	0.0	0.0	0.0	0.0	0.0
fd07b8999ad001bb3a0a46d88628d31d	D_0__Bacteria; D_1__Proteobacteria; D_2__Alphaproteobacteria; D_3__Rickettsiales; D_4__Mitochondria; D_5__uncultured bacterium; D_6__uncultured bacterium	0.0	0.0	0.0	0.0	0.0	0.0	0.0	0.0	0.0	0.0	0.0	0.0	0.0	0.01353637901861252	0.0	0.0	0.0	0.0	0.0	0.0	0.0	0.0
b894054414fb0d5b63706ece0e56267d	D_0__Bacteria; D_1__Proteobacteria; D_2__Alphaproteobacteria; D_3__Rickettsiales; D_4__Mitochondria; D_5__uncultured bacterium; D_6__uncultured bacterium	0.0	0.0	0.0	0.0	0.0	0.0	0.013440860215053764	0.0	0.0	0.0	0.0	0.0	0.0	0.0	0.0	0.0	0.0	0.0	0.0	0.0	0.0	0.010403120936280884
ab9196ff56eabbdfce7962c60df621e0	D_0__Bacteria; D_1__Proteobacteria; D_2__Alphaproteobacteria; D_3__Rickettsiales; D_4__Mitochondria; D_5__uncultured bacterium; D_6__uncultured bacterium	0.0	0.0	0.0	0.0	0.0	0.0	0.0	0.0	0.0	0.0	0.0	0.0	0.0	0.0	0.013333333333333334	0.0	0.0	0.0	0.0	0.0	0.0	0.0
2e35832e7ca7ac03c1c5570c342232e0	D_0__Bacteria; D_1__Proteobacteria; D_2__Alphaproteobacteria; D_3__Rickettsiales; D_4__Mitochondria; D_5__uncultured bacterium; D_6__uncultured bacterium	0.0	0.0	0.0	0.0	0.0	0.0	0.0	0.0	0.0	0.0	0.0	0.0	0.0	0.0	0.0	0.0	0.0	0.0	0.0	0.0	0.004006410256410256	0.013003901170351105
0e182453dfec1ea23c3f80a945967156	D_0__Bacteria; D_1__Proteobacteria; D_2__Alphaproteobacteria; D_3__Rickettsiales; D_4__Mitochondria; D_5__Proteobacteria bacterium JGI 0000113-D06; D_6__Proteobacteria bacterium JGI 0000113-D06	0.0	0.012859304084720122	0.0	0.0	0.0	0.0	0.012096774193548387	0.0	0.0	0.0	0.0	0.0	0.0	0.0	0.0	0.0	0.0	0.0	0.0	0.0071794871794871795	0.0	0.0
e845f9e41fb99ea518ad46ade8e81fa0	D_0__Bacteria; D_1__Proteobacteria; D_2__Alphaproteobacteria; D_3__Rickettsiales; D_4__Mitochondria; D_5__uncultured bacterium; D_6__uncultured bacterium	0.0	0.012859304084720122	0.011428571428571429	0.0	0.0	0.0	0.006720430107526882	0.0	0.0	0.0	0.0	0.0	0.0	0.0	0.0	0.0	0.0	0.0	0.0	0.0	0.0	0.0
5dd60c1a51dc71caab09baafb400aec1	D_0__Bacteria; D_1__Proteobacteria; D_2__Alphaproteobacteria; D_3__Rickettsiales; D_4__Mitochondria; D_5__uncultured bacterium; D_6__uncultured bacterium	0.0	0.0	0.0	0.0	0.0	0.0	0.0	0.0	0.0	0.0	0.0	0.0	0.0	0.0	0.0	0.0	0.0	0.0	0.0	0.0	0.01282051282051282	0.0
ad1f45d8d71ae4b9b1f92f3199036f83	D_0__Bacteria; D_1__Proteobacteria; D_2__Alphaproteobacteria; D_3__Rickettsiales; D_4__Mitochondria; D_5__uncultured bacterium; D_6__uncultured bacterium	0.0	0.0	0.0	0.0	0.0	0.0	0.0	0.0	0.0	0.0	0.012684989429175475	0.0	0.0	0.0	0.0	0.005793742757821553	0.0	0.0	0.008233058898036731	0.0	0.0	0.0
e8926e5105823fcb4a34f761f03b0045	D_0__Bacteria; D_1__Proteobacteria; D_2__Alphaproteobacteria; D_3__Rickettsiales; D_4__Mitochondria; D_5__uncultured bacterium; D_6__uncultured bacterium	0.0	0.009077155824508321	0.012571428571428572	0.0	0.0	0.0	0.0	0.0	0.0	0.0	0.0	0.0	0.0	0.0	0.0	0.0	0.0	0.0	0.0	0.0	0.0	0.0
7b1ea017188bddffefdd5daa753ef2f7	D_0__Bacteria; D_1__Proteobacteria; D_2__Alphaproteobacteria; D_3__Rickettsiales; D_4__Mitochondria; D_5__marine metagenome; D_6__marine metagenome	0.0	0.0	0.0	0.0	0.0	0.0	0.0	0.0	0.0	0.0	0.0	0.0	0.0	0.0	0.0	0.0	0.0	0.0	0.0	0.012307692307692308	0.0	0.0
7547d50bc4f7a12941e3265a35bebc71	D_0__Bacteria; D_1__Proteobacteria; D_2__Alphaproteobacteria; D_3__Rickettsiales; D_4__Mitochondria; D_5__uncultured bacterium; D_6__uncultured bacterium	0.0	0.0037821482602118004	0.0	0.012239902080783354	0.0	0.0	0.0	0.0	0.0	0.0	0.0	0.0	0.011904761904761904	0.0	0.0	0.0	0.0	0.0	0.0	0.0	0.007211538461538462	0.0
19c34eeb4b657a943f58371f8520081e	D_0__Bacteria; D_1__Proteobacteria; D_2__Alphaproteobacteria; D_3__Rickettsiales; D_4__Mitochondria; D_5__uncultured bacterium; D_6__uncultured bacterium	0.0	0.0	0.0	0.0	0.0	0.0	0.012096774193548387	0.0	0.0	0.0	0.0	0.0	0.0	0.0	0.0	0.0	0.0	0.0	0.0	0.0	0.0	0.0
d1993c4829407c4746447506673d8368	D_0__Bacteria; D_1__Proteobacteria; D_2__Alphaproteobacteria; D_3__Rickettsiales; D_4__Mitochondria; D_5__marine metagenome; D_6__marine metagenome	0.0	0.0	0.0	0.0	0.0	0.0	0.0	0.0	0.0	0.0	0.0	0.0	0.0	0.0	0.0	0.0	0.0	0.0	0.012032932235592146	0.0	0.0	0.0
23c5522522a9cb6ff45dddb2c86fffe0	D_0__Bacteria; D_1__Proteobacteria; D_2__Alphaproteobacteria; D_3__Rickettsiales; D_4__Mitochondria; D_5__uncultured bacterium; D_6__uncultured bacterium	0.0	0.0	0.0	0.0	0.012027491408934709	0.0	0.0	0.0	0.0	0.0	0.0	0.0	0.0	0.0	0.0	0.0	0.0	0.0	0.0	0.0	0.0	0.0
c4c578f15fa263045fc47bb6defb2361	D_0__Bacteria; D_1__Proteobacteria; D_2__Alphaproteobacteria; D_3__Rickettsiales; D_4__Mitochondria; D_5__uncultured bacterium; D_6__uncultured bacterium	0.0	0.0	0.0	0.0	0.0	0.0	0.0	0.0	0.0	0.0	0.0	0.01199400299850075	0.0	0.0	0.0	0.0	0.0	0.0	0.0	0.0	0.0	0.0
b42b56749a6abc54187515d4e867c4ec	D_0__Bacteria; D_1__Proteobacteria; D_2__Alphaproteobacteria; D_3__Rickettsiales; D_4__Mitochondria; D_5__uncultured bacterium; D_6__uncultured bacterium	0.0	0.0	0.0	0.0	0.0	0.0	0.0	0.0	0.0	0.0	0.0	0.0	0.011904761904761904	0.0	0.0	0.0	0.0	0.0	0.0	0.0	0.0	0.0
e36c79d3a27d7f2d436814d4495770e0	D_0__Bacteria; D_1__Proteobacteria; D_2__Alphaproteobacteria; D_3__Rickettsiales; D_4__Mitochondria; D_5__uncultured bacterium; D_6__uncultured bacterium	0.0	0.0	0.0	0.0	0.0	0.0	0.0	0.0	0.0	0.0	0.0	0.0	0.0	0.0	0.011851851851851851	0.0	0.0	0.0	0.0	0.0	0.0	0.0
2e1ab1b43a249416fc70700ba70a67a5	D_0__Bacteria; D_1__Proteobacteria; D_2__Alphaproteobacteria; D_3__Rickettsiales; D_4__Mitochondria; D_5__uncultured bacterium; D_6__uncultured bacterium	0.0	0.0	0.0	0.0	0.0	0.0	0.0	0.0	0.0	0.0	0.0	0.0	0.0	0.0	0.011851851851851851	0.0	0.0	0.0	0.0	0.0	0.0	0.0
92967206240c5c6f8f4ad7615c1e0f02	D_0__Bacteria; D_1__Proteobacteria; D_2__Alphaproteobacteria; D_3__Rickettsiales; D_4__Mitochondria; D_5__uncultured bacterium; D_6__uncultured bacterium	0.0	0.0	0.0	0.0	0.0	0.0	0.0	0.0	0.0	0.0	0.0	0.0	0.0	0.0	0.0	0.0	0.0	0.0	0.0	0.0	0.0	0.011703511053315995
e321e980b18b7a9d492b17c524c660e4	D_0__Bacteria; D_1__Proteobacteria; D_2__Alphaproteobacteria; D_3__Rickettsiales; D_4__Mitochondria; D_5__uncultured bacterium; D_6__uncultured bacterium	0.0	0.0	0.0	0.0	0.0	0.0	0.0	0.0	0.0	0.0	0.0	0.0	0.0	0.0	0.0	0.011587485515643106	0.0	0.0	0.0	0.0	0.0	0.0
fd6f1c4e540a946b93a433bbd937b4dd	D_0__Bacteria; D_1__Proteobacteria; D_2__Alphaproteobacteria; D_3__Rickettsiales; D_4__Mitochondria; D_5__uncultured bacterium; D_6__uncultured bacterium	0.0	0.0	0.0	0.0	0.0	0.0	0.0	0.0	0.011547344110854504	0.0	0.0	0.0	0.0	0.0	0.0	0.0	0.0	0.0	0.0	0.0	0.0	0.0
012df664537b445d7e50eacafcfeb542	D_0__Bacteria; D_1__Proteobacteria; D_2__Alphaproteobacteria; D_3__Rickettsiales; D_4__Mitochondria; D_5__uncultured bacterium; D_6__uncultured bacterium	0.004416403785488959	0.0	0.011428571428571429	0.0	0.0	0.009985734664764621	0.008064516129032258	0.006218905472636816	0.0	0.0	0.0	0.005997001499250375	0.0	0.0	0.0	0.0	0.0	0.0	0.0	0.0	0.010416666666666666	0.0
d1287470cf3c243e054eb1be5bd73c4a	D_0__Bacteria; D_1__Proteobacteria; D_2__Alphaproteobacteria; D_3__Rickettsiales; D_4__Mitochondria; D_5__uncultured bacterium; D_6__uncultured bacterium	0.0	0.0	0.011428571428571429	0.0	0.0	0.0	0.0	0.0	0.0	0.0	0.004228329809725159	0.0	0.0	0.005076142131979695	0.0	0.0	0.0	0.0	0.0	0.0	0.005608974358974359	0.0
380bf8866d221e16b4b95a4fed220d44	D_0__Bacteria; D_1__Proteobacteria; D_2__Alphaproteobacteria; D_3__Rickettsiales; D_4__Mitochondria	0.0	0.0	0.0	0.0	0.0	0.011412268188302425	0.0	0.0	0.0	0.0	0.0	0.0	0.0	0.0	0.0	0.0	0.0	0.0	0.0	0.0	0.0	0.0039011703511053317
b22fef01a98e352749dc2b790217d805	D_0__Bacteria; D_1__Proteobacteria; D_2__Alphaproteobacteria; D_3__Rickettsiales; D_4__Mitochondria; D_5__metagenome; D_6__metagenome	0.0	0.0	0.0	0.0	0.0	0.0	0.0	0.0	0.0	0.0	0.0	0.0	0.0	0.0	0.0	0.0	0.0	0.0	0.0	0.011282051282051283	0.0	0.0
e969a7c5cf77e67987f18f26978ec638	D_0__Bacteria; D_1__Proteobacteria; D_2__Alphaproteobacteria; D_3__Rickettsiales; D_4__Mitochondria; D_5__uncultured bacterium; D_6__uncultured bacterium	0.0	0.0	0.0	0.0	0.0	0.0	0.0	0.0	0.0	0.0	0.0	0.0	0.0	0.0	0.0	0.0	0.0	0.0	0.0	0.0	0.011217948717948718	0.0
395e2cb0debd09ab268254ad6f65dc9d	D_0__Bacteria; D_1__Proteobacteria; D_2__Alphaproteobacteria; D_3__Rickettsiales; D_4__Mitochondria; D_5__uncultured bacterium; D_6__uncultured bacterium	0.0	0.0	0.0	0.0	0.0	0.0	0.0	0.0	0.0	0.0	0.0	0.0	0.010822510822510822	0.0	0.0	0.0	0.0	0.0	0.0	0.0	0.0	0.0
1db52589b7a861fe181cf6553208a9f2	D_0__Bacteria; D_1__Proteobacteria; D_2__Alphaproteobacteria; D_3__Rickettsiales; D_4__Mitochondria; D_5__uncultured bacterium; D_6__uncultured bacterium	0.0	0.0	0.0	0.0	0.0	0.0	0.010752688172043012	0.0	0.0	0.0	0.0	0.0	0.0	0.0	0.0	0.0	0.0	0.0	0.0	0.0	0.0	0.0
d23b5f1c5802e7aa50819261d7a485cf	D_0__Bacteria; D_1__Proteobacteria; D_2__Alphaproteobacteria; D_3__Rickettsiales; D_4__Mitochondria; D_5__uncultured bacterium; D_6__uncultured bacterium	0.0	0.0	0.0	0.0	0.0	0.0	0.0	0.0	0.0	0.0	0.010570824524312896	0.0	0.0	0.0	0.0	0.0	0.0	0.0	0.0	0.0	0.0	0.0
8f329156444bc6dd71e1a8362706cf8f	D_0__Bacteria; D_1__Proteobacteria; D_2__Alphaproteobacteria; D_3__Rickettsiales; D_4__Mitochondria; D_5__uncultured bacterium; D_6__uncultured bacterium	0.0	0.0	0.0	0.0	0.0	0.0	0.0	0.0	0.0	0.0	0.0	0.0	0.0	0.0	0.0	0.0	0.0	0.0	0.0	0.0	0.0	0.010403120936280884
44bf80055187c6f04fe24af2e7bba576	D_0__Bacteria; D_1__Proteobacteria; D_2__Alphaproteobacteria; D_3__Rickettsiales; D_4__Mitochondria; D_5__metagenome; D_6__metagenome	0.0	0.0	0.0	0.008567931456548347	0.0	0.0	0.0	0.0	0.010392609699769052	0.0	0.0	0.0	0.0	0.0	0.005925925925925926	0.0	0.0	0.0	0.0	0.0	0.0	0.0
6471538f237636f932ad46337056b4c3	D_0__Bacteria; D_1__Proteobacteria; D_2__Alphaproteobacteria; D_3__Rickettsiales; D_4__Mitochondria; D_5__uncultured bacterium; D_6__uncultured bacterium	0.0031545741324921135	0.0	0.0	0.0	0.0	0.0	0.0	0.0	0.0	0.0	0.0	0.0	0.0	0.0	0.01037037037037037	0.0	0.0	0.0	0.0	0.0	0.0	0.0
a5c5da06d77c1654d885d3e0bb67b5fc	D_0__Bacteria; D_1__Proteobacteria; D_2__Alphaproteobacteria; D_3__Rickettsiales; D_4__Mitochondria; D_5__uncultured bacterium; D_6__uncultured bacterium	0.0	0.0	0.0	0.0	0.0	0.0	0.0	0.0	0.0	0.0	0.0	0.0074962518740629685	0.0	0.0	0.01037037037037037	0.0	0.0	0.0	0.0	0.0	0.0	0.0
e2340b3f0dc07f9a4ef8db1deead8625	D_0__Bacteria; D_1__Proteobacteria; D_2__Alphaproteobacteria; D_3__Rickettsiales; D_4__Mitochondria; D_5__uncultured bacterium; D_6__uncultured bacterium	0.00694006309148265	0.0	0.0	0.0	0.010309278350515464	0.0	0.0	0.0	0.0	0.0	0.0	0.0	0.0	0.0	0.0	0.0	0.0	0.0	0.0	0.0	0.0	0.0
b330c91b11227908ff9a245fb353da76	D_0__Bacteria; D_1__Proteobacteria; D_2__Alphaproteobacteria; D_3__Rickettsiales; D_4__Mitochondria; D_5__uncultured bacterium; D_6__uncultured bacterium	0.0	0.0	0.0	0.0	0.010309278350515464	0.0	0.0	0.0	0.0	0.0	0.0	0.0	0.0	0.0	0.0	0.0	0.0	0.0	0.0	0.0	0.0	0.0
08d3feb74c58ae3103c319fe0d5fbe00	D_0__Bacteria; D_1__Proteobacteria; D_2__Alphaproteobacteria; D_3__Rickettsiales; D_4__Mitochondria; D_5__metagenome; D_6__metagenome	0.0	0.0	0.0	0.0	0.010309278350515464	0.0	0.0	0.0	0.0	0.0	0.0	0.0	0.0	0.0	0.0	0.0	0.0	0.0	0.0	0.0	0.0	0.0
8bfd97f429f944a1e2d30df70c945cf6	D_0__Bacteria; D_1__Proteobacteria; D_2__Alphaproteobacteria; D_3__Rickettsiales; D_4__Mitochondria; D_5__uncultured bacterium; D_6__uncultured bacterium	0.0	0.0	0.010285714285714285	0.0	0.0	0.0	0.0	0.0	0.0	0.0	0.0	0.0	0.0	0.0	0.0	0.0	0.0	0.0	0.0	0.0	0.0	0.0
db7a43da30a57c05f4551f7c1f992cc6	D_0__Bacteria; D_1__Proteobacteria; D_2__Alphaproteobacteria; D_3__Rickettsiales; D_4__Mitochondria; D_5__uncultured bacterium; D_6__uncultured bacterium	0.0	0.0	0.0	0.0	0.0	0.0	0.0	0.0	0.0	0.0	0.0	0.0	0.0	0.0	0.0	0.0	0.0	0.0	0.0	0.010256410256410256	0.0	0.0
677df8a8a5be86922b1e4a6aeb210a74	D_0__Bacteria; D_1__Proteobacteria; D_2__Alphaproteobacteria; D_3__Rickettsiales; D_4__Mitochondria; D_5__metagenome; D_6__metagenome	0.0	0.0	0.0	0.0	0.0	0.0	0.0	0.0	0.0	0.0	0.0	0.0	0.0	0.0	0.0	0.0	0.0	0.0	0.0	0.010256410256410256	0.0	0.0
5951d889393d81c0dd07e8bed9b71f75	D_0__Bacteria; D_1__Proteobacteria; D_2__Alphaproteobacteria; D_3__Rickettsiales; D_4__Mitochondria; D_5__uncultured bacterium; D_6__uncultured bacterium	0.0	0.0	0.0	0.006119951040391677	0.0	0.0	0.0	0.0	0.0	0.0	0.0	0.0	0.0	0.01015228426395939	0.0	0.0	0.0	0.0	0.0	0.0	0.0	0.0
58fb97802c9e2eddea8a1562b384fa71	D_0__Bacteria; D_1__Proteobacteria; D_2__Alphaproteobacteria; D_3__Rickettsiales; D_4__Mitochondria; D_5__uncultured bacterium; D_6__uncultured bacterium	0.0	0.0	0.0	0.0	0.0	0.0	0.0	0.0	0.0	0.010040160642570281	0.0	0.0	0.0	0.0	0.0	0.0	0.0	0.0	0.0	0.0	0.0	0.0
97a8d53f3de863bd965586823f5abff4	D_0__Bacteria; D_1__Proteobacteria; D_2__Alphaproteobacteria; D_3__Rickettsiales; D_4__Mitochondria; D_5__uncultured bacterium; D_6__uncultured bacterium	0.0	0.0	0.0	0.0	0.0	0.0	0.0	0.0	0.0	0.010040160642570281	0.0	0.0	0.0	0.0	0.0	0.0	0.0	0.0	0.0	0.0	0.0	0.0
